{
  "run_dir": "benchmark_artifacts/official_ruler_v2/20260423T183630Z",
  "scored_samples": 102,
  "overall_accuracy": 0.8112745098039216,
  "by_task_length": {
    "mk_niah_basic|32768": {
      "samples": 17,
      "accuracy": 0.6470588235294118
    },
    "mk_niah_basic|8192": {
      "samples": 17,
      "accuracy": 0.9411764705882353
    },
    "mv_niah_basic|32768": {
      "samples": 17,
      "accuracy": 0.5882352941176471
    },
    "mv_niah_basic|8192": {
      "samples": 17,
      "accuracy": 0.75
    },
    "qa_basic|32768": {
      "samples": 17,
      "accuracy": 0.9411764705882353
    },
    "qa_basic|8192": {
      "samples": 17,
      "accuracy": 1.0
    }
  }
}