id,sample_id,source_id,case_id,row_type,question,generation,prediction,answer,expected_answer,choice_A,choice_B,choice_C,choice_D,mode,token_count,context_chars,context_token_estimate,top_k,top_k_effective,iterative_top_k_ignored,rerank_top,rerank_top_effective,iterative_rerank_top_ignored,synthesis_max_chunks,mcq_prompt_style,mcq_synthesis_max_tokens,search_mode,iterative_reader_version,scan_min_chunk_ratio,scan_max_chunk_ratio,scan_min_chunks,scan_max_chunks,scan_max_tokens,scan_empty_ledger_fallback_ratio,iterative_packed_fallback_input_token_budget,iterative_memory_max_chars,scan_order,doc_chunk_size,doc_chunk_overlap,doc_chunk_tokens,doc_chunk_overlap_tokens,doc_chunk_tokenizer_model,embedding_query_instruction,embedding_batch_size,embedding_max_length,embedding_device,embedding_dtype,reranker_relevance_threshold,reranker_batch_size,reranker_max_length,min_reranked_results,synthesis_input_token_budget,reranker_disabled,embedding_device_effective,embedding_dtype_effective,ingested_chunks,expected_cache_type,expected_from_cache,from_cache,cache_type,answer_correct,latency_ms,row_wall_ms,cache_load_ms,context_write_ms,ingest_ms,search_ms,save_ms,delta_calls,delta_input_tokens,delta_output_tokens,delta_cost_usd,faiss_candidate_count,candidate_text_count,reranker_enabled,reranker_returned_count,reranker_fallback_used,synthesis_source_truncated,synthesis_estimated_input_tokens_before,synthesis_estimated_input_tokens_after,synthesis_packed_chunk_count,synthesis_dropped_chunk_count,synthesis_selected_chunk_indices,iterative_scan_total_chunks,iterative_scan_early_stop_min_chunks,iterative_scan_budget,iterative_scan_empty_ledger_fallback_budget,iterative_scan_visited_chunk_count,iterative_scan_faiss_top_n,iterative_scan_faiss_result_count,iterative_scan_empty_ledger_fallback_used,iterative_scan_packed_fallback_used,iterative_scan_early_stop,iterative_scan_stop_reason,iterative_scan_selected_chunk_indices,iterative_scan_supporting_chunk_indices,iterative_scan_inspector_call_count,iterative_scan_final_adjudication_call_count,iterative_scan_packed_fallback_call_count,iterative_scan_packed_fallback_reason,iterative_scan_final_answer,iterative_scan_final_reason,iterative_scan_final_raw_response,iterative_scan_useful_memory_count,iterative_scan_memory_char_count,iterative_scan_memory_update_count,iterative_scan_target_fact_count,iterative_scan_code_mapping_count,iterative_scan_open_question_count,iterative_scan_observation_count,iterative_scan_rule_count,iterative_scan_example_count,iterative_scan_parse_failure_count,iterative_scan_evidence_ledger
6723a1ccbb02136c067d70b3__original,6723a1ccbb02136c067d70b3__original,6723a1ccbb02136c067d70b3,6723a1ccbb02136c067d70b3__original,original,"Narrives: 1. The narrator recalls a moment of crisis when their siblings found their stepfather's severed finger on the front lawn after a lawn mower accident, marking the only time they expressed joy.
2. The protagonist is falsely accused of a probation violation for supposedly driving by Kaden's daycare after being released from jail, despite not having access to a car.
3. The judge offers the woman a choice between staying on probation until her restitution is fully paid or paying through a county collection agency, which would negatively impact her credit.
4. Mama Love is bailed out of jail, causing excitement among her family as they gather her belongings and prepare to leave, but she realizes she can't return home due to the conditions of her bail.
Query: Considering the given book and narratives, Which order of the narratives in the following options is correct?",D,D,D,D,1432,4123,2431,1423,cache,124821,522256,124821,10,,True,3,,True,3,strict,8,iterative,10,0.5,1.0,4,0,1536,1.0,60000,16000,faiss_ranked_ordering_document_order,10000,1000,10000,2000,Qwen/Qwen3.6-35B-A3B,"Given a multiple-choice question, retrieve chunks containing evidence, demonstrations, mappings, or facts needed to answer it.",1,8192,cuda,auto,0.2,4,8192,5,,True,cuda,bfloat16,19,miss,false,False,miss,True,71347.425,75325.506,0.047,1.554,3976.418,71347.425,0.0,22,273976,9590,0.0,19,19,False,0,False,,,,19,0,"[0, 1, 2, 3, 4, 5, 6, 7, 8, 9, 10, 11, 12, 13, 14, 15, 16, 17, 18]",19,10,19,19,19,19,19,False,False,False,answer_not_found,"[0, 1, 2, 3, 4, 5, 6, 7, 8, 9, 10, 11, 12, 13, 14, 15, 16, 17, 18]","[0, 1, 2, 3, 4, 5, 6, 7, 8, 9, 10, 11, 12, 13, 14, 15, 16, 17, 18]",19,1,0,,D,"Based on the provided ledger, the chronological order of the narratives is established as follows: Narrative 1 (stepfather's severed finger) occurs in Chapter 1. Narrative 4 (Mama Love bailed out of jail) occurs in Chapter 10. Narrative 2 (falsely accused of probation violation) occurs in Chapter 14. Narrative 3 (judge's offer regarding probation vs. county collection) occurs in Chapter 20. Therefore, the correct sequence is 1-4-2-3, which corresponds to Option D.","{ ""answer"": ""D"", ""reason"": ""Based on the provided ledger, the chronological order of the narratives is established as follows: Narrative 1 (stepfather's severed finger) occurs in Chapter 1. Narrative 4 (Mama Love bailed out of jail) occurs in Chapter 10. Narrative 2 (falsely accused of probation violation) occurs in Chapter 14. Narrative 3 (judge's offer regarding probation vs. county collection) occurs in Chapter 20. Therefore, the correct sequence is 1-4-2-3, which corresponds to Option D."", ""needs_more_context"": false, ""chosen_sequence"": ""1<4<2<3"", ""ordering_evidence"": { ""1"": ""Occurs in Chapter 1 (Stepfather's severed finger)."", ""4"": ""Occurs in Chapter 10 (Mama Love bailed out)."", ""2"": ""Occurs in Chapter 14 (Falsely accused of probation violation)."", ""3"": ""Occurs in Chapter 20 (Judge...",84,4772,19,64,0,0,64,0,19,0,"{""best_choice"": ""D"", ""best_choice_rationale"": ""The chronological order of the narratives is: 1 (Chapter 1), 4 (Chapter 10), 2 (Chapter 14), and 3 (Chapter 20). This corresponds to the sequence 1-4-2-3, which matches Option D."", ""code_mappings"": [], ""memory"": ""[chunk 0] Chunk 0 provides the book's Table of Contents and the text of Chapters 1 and 2. Chapter 1 contains the narrative for item 1 (stepfather's severed finger). Chapter 2 contains the narrative for item 4 (Mama Love bailed out of jail, though...\n[chunk 1] [chunk 1] Chunk 1 contains Chapters 3 and 4. Chapter 3 details the arrest (police at house, CPS involved, Kaden taken). Chapter 4 details the booking at the jail, the 'sally port', and the bail amount ($250,000) discussed with the mother...\n[chunk 2] [chunk 2] Chunk 2 contains Chapters 4 (continued) and 5. It details Lara's time in the holding cell and G-block jail. Narrative 1 (stepfather's finger) is in Ch 1. Narrative 4 (Mama Love bail) is in Ch 8 (TOC) or potentially referenced i...\n[chunk 3] [chunk 3] Chunk 3 contains Chapter 6 (Makeover) and Chapter 7 (Lost Girls). It details the protagonist's suicide attempt in jail (Ch 6), her court appearance for CPS removal of Kaden (Ch 6), and her return to G-block where she discusses...\n[chunk 4] [chunk 4] Chunk 4 contains Chapter 7 (Lost Girls) and the beginning of Chapter 8 (Mama Love). Chapter 7 details the protagonist's time in G-block jail, interactions with other inmates, and a court appearance for a continuance. Chapter 8...\n[chunk 5] [chunk 5] Chunk 5 contains the end of Chapter 7 (reading 'The Power of Now', meeting Gina) and the full text of Chapter 8 ('Mama Love'). Narrative 4 (Mama Love bail) is confirmed to be in Chapter 8, where the protagonist reflects on her...\n[chunk 6] [chunk 6] Chunk 6 contains Chapter 9 and Chapter 10. Chapter 9 details the protagonist's time in jail, the fake labor prank, and DJ getting bailed out. Chapter 10 details the plea deal negotiations, the arrival of Princess, and finally,...\n[chunk 7] [chunk 7] Chunk 7 contains Chapter 10 (end) and Chapter 11. Narrative 4 (Mama Love bail) is confirmed in Chapter 10 (DJ bails her out, conditions prevent returning home). Narrative 2 (Probation violation accusation) is not explicitly det...\n[chunk 8] [chunk 8] Chunk 8 details the protagonist's life on bail: using heroin, stealing from Nordstrom, meeting probation officers who recommend 4 years, the accidental meeting with Kaden at the basketball game, Darcy's call accusing her of vio...\n[chunk 9] [chunk 9] Chunk 9 contains Chapter 12. It details Mama Love's time in G-block (detox, newspaper article about ID theft, meth pressure), her transfer to Blaine Street, her writing, and helping Jacinda. It does not contain Narrative 2 (fal...\n[chunk 10] [chunk 10] Chunk 10 contains Chapter 13 (Mother's Day) and the beginning of Chapter 14. It details the protagonist's time at Blaine Street, helping Jacinda, visiting with Kaden, and attending the Gemma program. It does not contain Narrat...\n[chunk 11] [chunk 11] Chunk 11 contains Chapter 14. It explicitly details Narrative 2: The protagonist is falsely accused of a probation violation (driving by Kaden's daycare) immediately after release, despite having no car. It also details the co...\n[chunk 12] [chunk 12] Chunk 12 details the protagonist's life on probation post-release. It confirms Narrative 2 (false accusation context: fear of calls, no car, bus struggles) and Narrative 4 (Mama Love bail happened earlier, now she is out). Cru...\n[chunk 13] [chunk 13] Chunk 13 details the protagonist's post-release life: DJ leaves drug court early, leaving the protagonist with the full restitution burden. She struggles with employment due to her record, gets a job at Idea Architects which i...\n[chunk 14] [chunk 14] Chunk 14 details the protagonist's employment at Idea Architects (post-release), her work on 'The Book of Forgiving' with Archbishop Tutu, and her volunteering with the Gemma Program. It also includes a late-night phone call f...\n[chunk 15] [chunk 15] Chunk 15 contains Chapter 18 and part of Chapter 19. It details the protagonist's life post-release: ghostwriting, relationship with Sam, moving in together, a traffic stop while on probation (confirming she is still on probat...\n[chunk 16] [chunk 16] Chunk 16 contains Chapters 19 and 20. Chapter 19 details the wedding and the trip to India to meet the Dalai Lama. Chapter 20 details the post-probation court hearing where the judge offers the choice between staying on probat...\n[chunk 17] [chunk 17] Chunk 17 contains Chapters 21 and 22. It details the protagonist's post-probation life, including an anonymous threatening email (not Narrative 2 or 3), a trip to NYC for an Oprah book club pick, and a TEDx talk. It confirms t...\n[chunk 18] [chunk 18] Chunk 18 contains the end of Chapter 22, Acknowledgments, and About the Author. It confirms the protagonist's post-probation life, including her TEDx talk, marriage to Sam, and career success. It does not contain any new infor..."", ""memory_updates"": [{""chunk_index"": 0, ""note"": ""Chunk 0 provides the book's Table of Contents and the text of Chapters 1 and 2. Chapter 1 contains the narrative for item 1 (stepfather's severed finger). Chapter 2 contains the narrative for item 4 (Mama Love bailed out of jail, though...""}, {""chunk_index"": 1, ""note"": ""[chunk 1] Chunk 1 contains Chapters 3 and 4. Chapter 3 details the arrest (police at house, CPS involved, Kaden taken). Chapter 4 details the booking at the jail, the 'sally port', and the bail amount ($250,000) discussed with the mother...""}, {""chunk_index"": 2, ""note"": ""[chunk 2] Chunk 2 contains Chapters 4 (continued) and 5. It details Lara's time in the holding cell and G-block jail. Narrative 1 (stepfather's finger) is in Ch 1. Narrative 4 (Mama Love bail) is in Ch 8 (TOC) or potentially referenced i...""}, {""chunk_index"": 3, ""note"": ""[chunk 3] Chunk 3 contains Chapter 6 (Makeover) and Chapter 7 (Lost Girls). It details the protagonist's suicide attempt in jail (Ch 6), her court appearance for CPS removal of Kaden (Ch 6), and her return to G-block where she discusses...""}, {""chunk_index"": 4, ""note"": ""[chunk 4] Chunk 4 contains Chapter 7 (Lost Girls) and the beginning of Chapter 8 (Mama Love). Chapter 7 details the protagonist's time in G-block jail, interactions with other inmates, and a court appearance for a continuance. Chapter 8...""}, {""chunk_index"": 5, ""note"": ""[chunk 5] Chunk 5 contains the end of Chapter 7 (reading 'The Power of Now', meeting Gina) and the full text of Chapter 8 ('Mama Love'). Narrative 4 (Mama Love bail) is confirmed to be in Chapter 8, where the protagonist reflects on her...""}, {""chunk_index"": 6, ""note"": ""[chunk 6] Chunk 6 contains Chapter 9 and Chapter 10. Chapter 9 details the protagonist's time in jail, the fake labor prank, and DJ getting bailed out. Chapter 10 details the plea deal negotiations, the arrival of Princess, and finally,...""}, {""chunk_index"": 7, ""note"": ""[chunk 7] Chunk 7 contains Chapter 10 (end) and Chapter 11. Narrative 4 (Mama Love bail) is confirmed in Chapter 10 (DJ bails her out, conditions prevent returning home). Narrative 2 (Probation violation accusation) is not explicitly det...""}, {""chunk_index"": 8, ""note"": ""[chunk 8] Chunk 8 details the protagonist's life on bail: using heroin, stealing from Nordstrom, meeting probation officers who recommend 4 years, the accidental meeting with Kaden at the basketball game, Darcy's call accusing her of vio...""}, {""chunk_index"": 9, ""note"": ""[chunk 9] Chunk 9 contains Chapter 12. It details Mama Love's time in G-block (detox, newspaper article about ID theft, meth pressure), her transfer to Blaine Street, her writing, and helping Jacinda. It does not contain Narrative 2 (fal...""}, {""chunk_index"": 10, ""note"": ""[chunk 10] Chunk 10 contains Chapter 13 (Mother's Day) and the beginning of Chapter 14. It details the protagonist's time at Blaine Street, helping Jacinda, visiting with Kaden, and attending the Gemma program. It does not contain Narrat...""}, {""chunk_index"": 11, ""note"": ""[chunk 11] Chunk 11 contains Chapter 14. It explicitly details Narrative 2: The protagonist is falsely accused of a probation violation (driving by Kaden's daycare) immediately after release, despite having no car. It also details the co...""}, {""chunk_index"": 12, ""note"": ""[chunk 12] Chunk 12 details the protagonist's life on probation post-release. It confirms Narrative 2 (false accusation context: fear of calls, no car, bus struggles) and Narrative 4 (Mama Love bail happened earlier, now she is out). Cru...""}, {""chunk_index"": 13, ""note"": ""[chunk 13] Chunk 13 details the protagonist's post-release life: DJ leaves drug court early, leaving the protagonist with the full restitution burden. She struggles with employment due to her record, gets a job at Idea Architects which i...""}, {""chunk_index"": 14, ""note"": ""[chunk 14] Chunk 14 details the protagonist's employment at Idea Architects (post-release), her work on 'The Book of Forgiving' with Archbishop Tutu, and her volunteering with the Gemma Program. It also includes a late-night phone call f...""}, {""chunk_index"": 15, ""note"": ""[chunk 15] Chunk 15 contains Chapter 18 and part of Chapter 19. It details the protagonist's life post-release: ghostwriting, relationship with Sam, moving in together, a traffic stop while on probation (confirming she is still on probat...""}, {""chunk_index"": 16, ""note"": ""[chunk 16] Chunk 16 contains Chapters 19 and 20. Chapter 19 details the wedding and the trip to India to meet the Dalai Lama. Chapter 20 details the post-probation court hearing where the judge offers the choice between staying on probat...""}, {""chunk_index"": 17, ""note"": ""[chunk 17] Chunk 17 contains Chapters 21 and 22. It details the protagonist's post-probation life, including an anonymous threatening email (not Narrative 2 or 3), a trip to NYC for an Oprah book club pick, and a TEDx talk. It confirms t...""}, {""chunk_index"": 18, ""note"": ""[chunk 18] Chunk 18 contains the end of Chapter 22, Acknowledgments, and About the Author. It confirms the protagonist's post-probation life, including her TEDx talk, marriage to Sam, and career success. It does not contain any new infor...""}], ""open_questions"": [], ""parse_failures"": [], ""target_facts"": [{""chunk_index"": 3, ""note"": ""Narrative 1 (Stepfather's finger) is in Chapter 1."", ""source"": ""chunk""}, {""chunk_index"": 3, ""note"": ""Narrative 4 (Mama Love bail) is likely in Chapter 8 or later based on TOC."", ""source"": ""chunk""}, {""chunk_index"": 3, ""note"": ""Narrative 2 (Probation violation accusation) and Narrative 3 (Judge's offer) are not in Chapters 6-7."", ""source"": ""chunk""}, {""chunk_index"": 3, ""note"": ""The court scene in Chapter 6 is an emergency CPS hearing regarding Kaden's removal, not the probation violation hearing."", ""source"": ""chunk""}, {""chunk_index"": 3, ""note"": ""Logical sequence: 1 (Ch 1) -> 4 (Later) -> 2 (Accusation) -> 3 (Judge's Offer)."", ""source"": ""chunk""}, {""chunk_index"": 4, ""note"": ""Narrative 1 (Stepfather's finger) is in Chapter 1."", ""source"": ""chunk""}, {""chunk_index"": 4, ""note"": ""Narrative 4 (Mama Love bail) is likely in Chapter 8 or later based on the chapter title 'MAMA LOVE' starting in this chunk."", ""source"": ""chunk""}, {""chunk_index"": 4, ""note"": ""Narrative 2 (Probation violation accusation) and Narrative 3 (Judge's offer) are not in Chapters 1-8 provided so far."", ""source"": ""chunk""}, {""chunk_index"": 5, ""note"": ""Narrative 1 (Stepfather's finger) is in Chapter 1."", ""source"": ""chunk""}, {""chunk_index"": 5, ""note"": ""Narrative 4 (Mama Love bail) is in Chapter 8. The text confirms she is still in jail, no one has bailed her out, and she is waiting for court dates."", ""source"": ""chunk""}, {""chunk_index"": 5, ""note"": ""Narratives 2 (Probation violation accusation) and 3 (Judge's offer) are not in Chapters 1-8 provided so far."", ""source"": ""chunk""}, {""chunk_index"": 6, ""note"": ""Narrative 1 (Stepfather's finger) is in Chapter 1."", ""source"": ""chunk""}, {""chunk_index"": 6, ""note"": ""Narrative 4 (Mama Love bail) is in Chapter 10. The text confirms she is bailed out by DJ's mom, and they leave the jail."", ""source"": ""chunk""}, {""chunk_index"": 6, ""note"": ""Narrative 2 (Probation violation accusation) and Narrative 3 (Judge's offer) are not in Chapters 1-10 provided so far."", ""source"": ""chunk""}, {""chunk_index"": 6, ""note"": ""Logical sequence: 1 (Ch 1) -> 4 (Ch 10) -> 2 (Accusation) -> 3 (Judge's Offer). The accusation likely happens after release or during a probation hearing, and the judge's offer follows the accusation."", ""source"": ""chunk""}, {""chunk_index"": 7, ""note"": ""Narrative 1 (Stepfather's finger) is in Chapter 1."", ""source"": ""chunk""}, {""chunk_index"": 7, ""note"": ""Narrative 4 (Mama Love bail) is in Chapter 10."", ""source"": ""chunk""}, {""chunk_index"": 7, ""note"": ""Narrative 2 (Probation violation accusation) and Narrative 3 (Judge's offer) are not explicitly located in Chapters 1-11 provided so far, but the context of probation and potential violations is established in Chapter 11."", ""source"": ""chunk""}, {""chunk_index"": 8, ""note"": ""Narrative 1 (Stepfather's finger) is in Chapter 1."", ""source"": ""chunk""}, {""chunk_index"": 8, ""note"": ""Narrative 4 (Mama Love bail) is in Chapter 10."", ""source"": ""chunk""}, {""chunk_index"": 8, ""note"": ""Narrative 2 (False accusation of driving by daycare) is not found in the provided text; the text describes a real CPS violation (meeting Kaden) and a rumor that she bragged about her sentence."", ""source"": ""chunk""}, {""chunk_index"": 8, ""note"": ""Narrative 3 (Judge's offer: probation vs county collection agency) is not found in the provided text; the text mentions a $9,000 restitution requirement for the plea deal but no specific judicial choice between probation and collection agency impacting credit."", ""source"": ""chunk""}, {""chunk_index"": 9, ""note"": ""Narrative 1 (Stepfather's finger) is in Chapter 1."", ""source"": ""chunk""}, {""chunk_index"": 9, ""note"": ""Narrative 4 (Mama Love bail) is in Chapter 10."", ""source"": ""chunk""}, {""chunk_index"": 9, ""note"": ""Narrative 2 (False accusation of driving by daycare) is not in Chapters 1-12."", ""source"": ""chunk""}, {""chunk_index"": 9, ""note"": ""Narrative 3 (Judge's offer: probation vs county collection) is not in Chapters 1-12."", ""source"": ""chunk""}, {""chunk_index"": 9, ""note"": ""Logical sequence: 1 (Ch 1) -> 4 (Ch 10) -> [2, 3] (Post-release)."", ""source"": ""chunk""}, {""chunk_index"": 10, ""note"": ""Narrative 1 (Stepfather's finger) is in Chapter 1."", ""source"": ""chunk""}, {""chunk_index"": 10, ""note"": ""Narrative 4 (Mama Love bail) is in Chapter 10."", ""source"": ""chunk""}, {""chunk_index"": 10, ""note"": ""Narratives 2 (False accusation) and 3 (Judge's offer) are not in Chapters 1-13 provided so far."", ""source"": ""chunk""}, {""chunk_index"": 10, ""note"": ""Logical sequence: 1 (Ch 1) -> 4 (Ch 10) -> [2, 3] (Post-release)."", ""source"": ""chunk""}, {""chunk_index"": 11, ""note"": ""Narrative 1 (Stepfather's finger) is in Chapter 1."", ""source"": ""chunk""}, {""chunk_index"": 11, ""note"": ""Narrative 4 (Mama Love bail) is in Chapter 10."", ""source"": ""chunk""}, {""chunk_index"": 11, ""note"": ""Narrative 2 (False accusation of driving by daycare) is in Chapter 14, occurring immediately after release."", ""source"": ""chunk""}, {""chunk_index"": 11, ""note"": ""Narrative 3 (Judge's offer: probation vs county collection) is not explicitly found in Chapter 14; the judge modifies the sentence to Family Preservation Court instead."", ""source"": ""chunk""}, {""chunk_index"": 11, ""note"": ""Chronological order established: 1 -> 4 -> 2."", ""source"": ""chunk""}, {""chunk_index"": 12, ""note"": ""Narrative 1 (Stepfather's finger) is in Chapter 1."", ""source"": ""chunk""}, {""chunk_index"": 12, ""note"": ""Narrative 4 (Mama Love bail) is in Chapter 10."", ""source"": ""chunk""}, {""chunk_index"": 12, ""note"": ""Narrative 2 (False accusation of driving by daycare) is in Chapter 14/Post-release context."", ""source"": ""chunk""}, {""chunk_index"": 12, ""note"": ""Narrative 3 (Judge's offer: probation vs county collection) is not explicitly detailed in this chunk, but the restitution burden is established."", ""source"": ""chunk""}, {""chunk_index"": 13, ""note"": ""Narrative 1 (Stepfather's finger) is in Chapter 1."", ""source"": ""chunk""}, {""chunk_index"": 13, ""note"": ""Narrative 4 (Mama Love bail) is in Chapter 10."", ""source"": ""chunk""}, {""chunk_index"": 13, ""note"": ""Narrative 2 (False accusation of driving by daycare) is in Chapter 14/Post-release."", ""source"": ""chunk""}, {""chunk_index"": 13, ""note"": ""Narrative 3 (Judge's offer) is not explicitly located in this chunk, but the restitution burden is established as a consequence of the plea/sentencing."", ""source"": ""chunk""}, {""chunk_index"": 14, ""note"": ""Narrative 1 (Stepfather's finger) is in Chapter 1."", ""source"": ""chunk""}, {""chunk_index"": 14, ""note"": ""Narrative 4 (Mama Love bail) is in Chapter 10."", ""source"": ""chunk""}, {""chunk_index"": 14, ""note"": ""Narrative 2 (False accusation of driving by daycare) is in Chapter 14/Post-release context."", ""source"": ""chunk""}, {""chunk_index"": 14, ""note"": ""Narrative 3 (Judge's offer: probation vs county collection agency) is NOT found in Chunk 14."", ""source"": ""chunk""}, {""chunk_index"": 15, ""note"": ""Narrative 1 (Stepfather's finger) is in Chapter 1."", ""source"": ""chunk""}, {""chunk_index"": 15, ""note"": ""Narrative 4 (Mama Love bail) is in Chapter 10."", ""source"": ""chunk""}, {""chunk_index"": 15, ""note"": ""Narrative 2 (False accusation of driving by daycare) is in Chapter 14/Post-release context."", ""source"": ""chunk""}, {""chunk_index"": 15, ""note"": ""Narrative 3 (Judge's offer: probation vs county collection agency) is NOT found in Chunk 15."", ""source"": ""chunk""}, {""chunk_index"": 16, ""note"": ""Narrative 1 (Stepfather's finger) is in Chapter 1."", ""source"": ""chunk""}, {""chunk_index"": 16, ""note"": ""Narrative 4 (Mama Love bail) is in Chapter 10."", ""source"": ""chunk""}, {""chunk_index"": 16, ""note"": ""Narrative 2 (False accusation of driving by daycare) is in Chapter 14."", ""source"": ""chunk""}, {""chunk_index"": 16, ""note"": ""Narrative 3 (Judge's offer: probation vs county collection agency) is in Chapter 20."", ""source"": ""chunk""}, {""chunk_index"": 17, ""note"": ""Narrative 1 (Stepfather's severed finger) occurs in Chapter 1."", ""source"": ""chunk""}, {""chunk_index"": 17, ""note"": ""Narrative 4 (Mama Love bailed out of jail) occurs in Chapter 10."", ""source"": ""chunk""}, {""chunk_index"": 17, ""note"": ""Narrative 2 (Falsely accused of probation violation/driving by daycare) occurs in Chapter 14."", ""source"": ""chunk""}, {""chunk_index"": 17, ""note"": ""Narrative 3 (Judge offers choice between probation and county collection agency) occurs in Chapter 20."", ""source"": ""chunk""}, {""chunk_index"": 18, ""note"": ""Narrative 1 (Stepfather's finger) is in Chapter 1."", ""source"": ""chunk""}, {""chunk_index"": 18, ""note"": ""Narrative 4 (Mama Love bail) is in Chapter 10."", ""source"": ""chunk""}, {""chunk_index"": 18, ""note"": ""Narrative 2 (False accusation of driving by daycare) is in Chapter 14."", ""source"": ""chunk""}, {""chunk_index"": 18, ""note"": ""Narrative 3 (Judge's offer: probation vs county collection) is in Chapter 20."", ""source"": ""chunk""}], ""visited_chunks"": [0, 1, 2, 3, 4, 5, 6, 7, 8, 9, 10, 11, 12, 13, 14, 15, 16, 17, 18]}"
66fa542bbb02136c067c686d__original,66fa542bbb02136c067c686d__original,66fa542bbb02136c067c686d,66fa542bbb02136c067c686d__original,original,"In the FileManager class, which of the following wrongly describes the purpose of the write_with_template method, and how it handles file writing while ensuring template substitution?",A,A,A,A,Template Substitution Handling: The write_with_template method calls substitute_with_template to replace patterns in the template file using only the dictionary. The result is then written to the file only if dry_run is False.,Duplicate File Write Prevention: The write_with_template method maintains a set called filenames that tracks written files. It raises an assertion error if the same file is attempted to be written again within the same execution.,"File Writing if Contents Changed: The _write_if_changed method checks if the contents of a file have changed by comparing them with the new contents. If they differ, it overwrites the file, ensuring only modified files are rewritten.","Generated Comment Insertion: When the env_callable returns a dictionary, the substitute_with_template method checks if the key generated_comment exists. If it does not, it creates one using the generator path and the template filename. This is added to the dictionary before substitution.",cache,146801,1241215,146801,10,,True,3,,True,3,strict,8,iterative,10,0.5,1.0,4,0,1536,1.0,60000,16000,faiss_ranked_ordering_document_order,10000,1000,10000,2000,Qwen/Qwen3.6-35B-A3B,"Given a multiple-choice question, retrieve chunks containing evidence, demonstrations, mappings, or facts needed to answer it.",1,8192,cuda,auto,0.2,4,8192,5,,True,cuda,bfloat16,38,miss,false,False,miss,True,88905.968,95039.943,0.0,2.488,6131.384,88905.968,0.0,41,570102,9976,0.0,38,38,False,0,False,,,,38,0,"[7, 6, 3, 11, 31, 29, 5, 18, 8, 12, 19, 25, 30, 24, 2, 21, 10, 26, 28, 27, 4, 0, 1, 36, 32, 23, 16, 13, 20, 9, 15, 14, 22, 37, 17, 35, 33, 34]",38,19,38,38,38,38,38,False,False,False,answer_not_found,"[7, 6, 3, 11, 31, 29, 5, 18, 8, 12, 19, 25, 30, 24, 2, 21, 10, 26, 28, 27, 4, 0, 1, 36, 32, 23, 16, 13, 20, 9, 15, 14, 22, 37, 17, 35, 33, 34]","[0, 1, 2, 3, 4, 5, 6, 7, 8, 9, 10, 11, 12, 13, 14, 15, 16, 17, 18, 19, 20, 21, 22, 23, 24, 25, 26, 27, 28, 29, 30, 31, 32, 33, 34, 35, 36, 37]",38,1,0,,A,"The question asks for the choice that *wrongly* describes the method. Based on the provided ledger, specifically the target_facts and code_mappings from chunks 6 and 25: 
- Choice A claims that `substitute_with_template` replaces patterns using *only* the dictionary. However, the code shows that `substitute_with_template` modifies the environment dictionary by adding a `generated_comment` key if it is missing (when `env_callable` returns a dict). This contradicts the claim that it uses 'only the dictionary' without modification or additional logic. Thus, A is the wrong description.
- Choice B is supported: `write_with_template` asserts `filename not in self.filenames` to prevent duplicates.
- Choice C is supported: `_write_if_changed` compares contents and writes only if they differ.
- Choice D is supported: `substitute_with_template` adds `generated_comment` if missing.
Therefore, A is the correct answer to the question asking for the wrong description.","{ ""answer"": ""A"", ""reason"": ""The question asks for the choice that *wrongly* describes the method. Based on the provided ledger, specifically the target_facts and code_mappings from chunks 6 and 25: \n- Choice A claims that `substitute_with_template` replaces patterns using *only* the dictionary. However, the code shows that `substitute_with_template` modifies the environment dictionary by adding a `generated_comment` key if it is missing (when `env_callable` returns a dict). This contradicts the claim that it uses 'only the dictionary' without modification or additional logic. Thus, A is the wrong description.\n- Choice B is supported: `write_with_template` asserts `filename not in self.filenames` to prevent duplicates.\n- Choice C is supported: `_write_if_changed` compares contents and...",75,9239,38,26,12,0,26,12,38,0,"{""best_choice"": ""A"", ""best_choice_rationale"": ""The existing evidence from chunks 6 and 25 clearly establishes that Choice A is the incorrect description because `substitute_with_template` modifies the environment dictionary by adding a `generated_comment` key if missing, contradicting the claim that it uses 'only the dictionary' without modification. Choices B, C, and D are supported by the code. Chunk 34 does not alter this conclusion."", ""code_mappings"": [{""chunk_index"": 6, ""code"": ""a"", ""example"": ""Choice A claims substitution uses 'only the dictionary'. The code shows substitute_with_template may modify the dictionary by adding 'generated_comment' before substitution, and env_callable can return a string (not just a dict). Also, the assertion about dry_run is correct, but the description of substitution logic is incomplete/misleading regarding the env_callable return types and the generated_comment injection."", ""relation"": ""contradiction""}, {""chunk_index"": 6, ""code"": ""b"", ""example"": ""Choice B claims write_with_template maintains a set called filenames and raises an assertion error if the same file is attempted to be written again. The code shows: `assert filename not in self.filenames, \""duplicate file write {filename}\""` and `self.filenames.add(filename)`."", ""relation"": ""support""}, {""chunk_index"": 6, ""code"": ""c"", ""example"": ""Choice C claims _write_if_changed checks if contents changed and overwrites only if modified. The code shows: `if contents != old_contents: ... f.write(contents)`."", ""relation"": ""support""}, {""chunk_index"": 6, ""code"": ""d"", ""example"": ""Choice D claims when env_callable returns a dict, substitute_with_template checks for 'generated_comment' and creates it if missing using generator path and template filename. The code shows: `if isinstance(env, dict): if \""generated_comment\"" not in env: ... env = {**env, \""generated_comment\"": ...}`."", ""relation"": ""support""}, {""chunk_index"": 25, ""code"": ""a"", ""example"": ""Choice A claims substitution uses 'only the dictionary'. The code shows substitute_with_template may modify the dictionary by adding 'generated_comment' before substitution, and env_callable can return a string (not just a dict). Also, the assertion about dry_run is correct, but the description of substitution logic is incomplete/misleading regarding the env_callable return types and the generated_comment injection."", ""relation"": ""contradiction""}, {""chunk_index"": 25, ""code"": ""b"", ""example"": ""Choice B claims write_with_template maintains a set called filenames and raises an assertion error if the same file is attempted to be written again. The code shows: `assert filename not in self.filenames, \""duplicate file write {filename}\""` and `self.filenames.add(filename)`."", ""relation"": ""support""}, {""chunk_index"": 25, ""code"": ""c"", ""example"": ""Choice C claims _write_if_changed checks if contents changed and overwrites only if modified. The code shows: `if contents != old_contents: ... f.write(contents)`."", ""relation"": ""support""}, {""chunk_index"": 25, ""code"": ""d"", ""example"": ""Choice D claims when env_callable returns a dict, substitute_with_template checks for 'generated_comment' and creates it if missing using generator path and template filename. The code shows: `if isinstance(env, dict): if \""generated_comment\"" not in env: ... env = {**env, \""generated_comment\"": ...}`."", ""relation"": ""support""}, {""chunk_index"": 27, ""code"": ""a"", ""example"": ""Choice A claims substitution uses 'only the dictionary'. The code shows substitute_with_template may modify the dictionary by adding 'generated_comment' before substitution, and env_callable can return a string (not just a dict). Also, the assertion about dry_run is correct, but the description of substitution logic is incomplete/misleading regarding the env_callable return types and the generated_comment injection."", ""relation"": ""contradiction""}, {""chunk_index"": 27, ""code"": ""b"", ""example"": ""Choice B claims write_with_template maintains a set called filenames and raises an assertion error if the same file is attempted to be written again. The code shows: `assert filename not in self.filenames, \""duplicate file write {filename}\""` and `self.filenames.add(filename)`."", ""relation"": ""support""}, {""chunk_index"": 27, ""code"": ""c"", ""example"": ""Choice C claims _write_if_changed checks if contents changed and overwrites only if modified. The code shows: `if contents != old_contents: ... f.write(contents)`."", ""relation"": ""support""}, {""chunk_index"": 27, ""code"": ""d"", ""example"": ""Choice D claims when env_callable returns a dict, substitute_with_template checks for 'generated_comment' and creates it if missing using generator path and template filename. The code shows: `if isinstance(env, dict): if \""generated_comment\"" not in env: ... env = {**env, \""generated_comment\"": ...}`."", ""relation"": ""support""}], ""memory"": ""[chunk 7] Chunk 7 contains FileManager methods: write_with_template (calls _write_if_changed with substituted content), write (delegates to write_with_template), write_sharded (handles sharding, merges envs, calls write_with_template for shards, d...\n[chunk 6] Chunk 6 contains the full implementation of the FileManager class. It confirms: 1. write_with_template calls substitute_with_template and then _write_if_changed. 2. write_with_template asserts filename not in self.filenames and adds it,...\n[chunk 3] Chunk 3 contains PyTorch codegen infrastructure classes (NativeFunctionsGroup, FunctionSchema, BackendIndex, etc.) and is unrelated to the FileManager class or the write_with_template method described in the question.\n[chunk 11] Chunk 11 contains codegen logic for generating headers and sources, including calls to cpu_fm.write_with_template and cpu_fm.write. It confirms usage patterns but does not alter the understanding of the FileManager class implementation d...\n[chunk 31] Chunk 31 contains PyTorch autograd code generation logic (CodeTemplate definitions, gen_variable_type, emit_body, etc.) and is unrelated to the FileManager class implementation details regarding write_with_template, duplicate prevention,...\n[chunk 29] Chunk 29 contains PyTorch autograd code generation logic (gen_autograd, gen_inplace_or_view_type, etc.) and is unrelated to the FileManager class implementation details regarding write_with_template, duplicate prevention, or template sub...\n[chunk 5] Chunk 5 contains PyTorch autograd code generation logic (functionalization pass, view ops, inplace ops) and is unrelated to the FileManager class implementation details regarding write_with_template, duplicate prevention, or template sub...\n[chunk 18] Chunk 18 contains PyTorch autograd code generation logic (DifferentiabilityInfo, gen_foreach_derivativeinfo, match_differentiability_info) and is unrelated to the FileManager class or the write_with_template method described in the quest...\n[chunk 8] Chunk 8 contains PyTorch codegen logic for RegisterSchema, ComputeOperators, ComputeFunction, ComputeTensorMethod, ComputeRedispatchFunction, MetaFunctions, and YAML generation. It does not contain any new information about the FileManag...\n[chunk 12] Chunk 12 contains PyTorch codegen logic for generating out= variants, functional kernels, and ETKernelIndex parsing. It is unrelated to the FileManager class or the write_with_template method.\n[chunk 19] Chunk 19 contains PyTorch autograd code generation logic (DifferentiabilityInfo, gen_foreach_derivativeinfo, match_differentiability_info) and is unrelated to the FileManager class or the write_with_template method described in the quest...\n[chunk 25] Chunk 25 contains autograd derivative generation logic and ViewFunc codegen. It imports FileManager from torchgen.utils but does not redefine or alter the implementation details of FileManager.write_with_template, substitute_with_templat...\n[chunk 30] Chunk 30 contains PyTorch autograd code generation logic (VariableType, ADInplaceOrViewType) and imports FileManager. It confirms usage patterns (write, write_sharded) but does not alter the implementation details of FileManager.write_wi...\n[chunk 24] Chunk 24 contains PyTorch codegen logic for selective builds (SelectiveBuildOperator), AOTInductor fallback ops, and autograd tracing code generation (gen_trace_type). It imports FileManager but does not redefine or alter the implementat...\n[chunk 2] Chunk 2 contains PyTorch codegen infrastructure classes (DispatchKey, ScalarType, UfuncKey, NativeFunction, NativeFunctionsGroup, BackendMetadata) and is unrelated to the FileManager class or the write_with_template method described in t...\n[chunk 21] Chunk 21 contains PyTorch autograd/codegen logic for structured kernels, dispatch registration, and CUDA ufuncs. It is unrelated to the FileManager class or the write_with_template method.\n[chunk 10] Chunk 10 contains usage of FileManager methods (write, write_sharded, write_with_template) in Executorch codegen context (gen_headers, gen_custom_ops). It confirms write_with_template is used with env_callable returning dicts. It does no...\n[chunk 26] Chunk 26 contains PyTorch autograd code generation logic (ViewFuncs, variable factories, annotated args, derivative generation) and is unrelated to the FileManager class implementation details regarding write_with_template, substitute_wi...\n[chunk 28] Chunk 28 contains PyTorch codegen logic for Python bindings (gen, create_python_bindings, etc.) and imports FileManager. It confirms usage patterns (fm.write_with_template, fm.write_sharded) but does not alter the implementation details...\n[chunk 27] Chunk 27 contains autograd code generation logic (Python bindings, getters, derivative generation) and imports FileManager. It confirms usage patterns (fm.write_with_template, fm.write, fm.write_sharded) but does not alter the implementa...\n[chunk 4] Chunk 4 contains PyTorch codegen infrastructure classes (Type, BaseTy, BaseType, OptionalType, CustomClassType, ListType, Argument, Return, SelfArgument, TensorOptionsArguments, Arguments, BaseOperatorName, OperatorName, NativeFunctionsV...\n[chunk 0] [chunk 0] Chunk 0 contains gen_backend_stubs.py and gen_lazy_tensor.py imports. It confirms usage of FileManager.write_with_template in gen_dispatchkey_nativefunc_headers and gen_dispatcher_registrations. It does not alter the implementa...\n[chunk 1] Chunk 1 contains code for AOTI C shim generation, Lazy Tensor codegen infrastructure (gen_lazy_tensor.py), and DispatchKey/ScalarType enums. It confirms usage of FileManager.write_with_template in gen_lazy_tensor.py but provides no new i...\n[chunk 36] Chunk 36 contains PyTorch static runtime code generation logic (GenOpDispatcher, GenOpTestCase, upgrader generation) and is unrelated to the FileManager class or the write_with_template method described in the question.\n[chunk 32] Chunk 32 contains PyTorch autograd code generation logic (VariableType, ADInplaceOrViewType, Python bindings) and is unrelated to the FileManager class implementation details regarding write_with_template, substitute_with_template, or _w...\n[chunk 23] Chunk 23 contains PyTorch codegen logic for Lazy IR nodes, shape inference, and selective build operators. It is unrelated to the FileManager class or the write_with_template method described in the question.\n[chunk 16] Chunk 16 contains PyTorch codegen logic for Python binding signatures (PythonSignature, PythonArgument, etc.) and type translation helpers. It is unrelated to the FileManager class or the write_with_template method described in the quest...\n[chunk 13] Chunk 13 contains PyTorch codegen logic for ETKernelIndex parsing, Unboxing class for Executorch, C++ type translation (et_cpp), and functionalization view lambdas. It is unrelated to the FileManager class or the write_with_template meth...\n[chunk 20] Chunk 20 contains PyTorch codegen logic for C++ signatures (CppSignatureGroup, DispatcherSignature, NativeSignature, etc.) and type definitions. It is unrelated to the FileManager class or the write_with_template method described in the...\n[chunk 9] Chunk 9 contains PyTorch codegen logic for generating native function declarations, definitions, and headers (gen_headers, gen_source_files). It uses FileManager methods (write, write_with_template) but does not redefine or alter the imp...\n[chunk 15] Chunk 15 contains PyTorch codegen logic for unboxing wrappers, ufunc type handling, and C++ type translation/synthesis (translate function). It is unrelated to the FileManager class or the write_with_template method described in the ques...\n[chunk 14] Chunk 14 contains PyTorch codegen logic for C++ type translation (ExecutorchCppSignature, view lambda bindings, native function API translation, public C++ API translation, and unboxing wrappers). It is unrelated to the FileManager class...\n[chunk 22] Chunk 22 contains PyTorch codegen logic for CUDA/CPu ufuncs, Lazy IR node generation, and structured kernel signatures. It is unrelated to the FileManager class or the write_with_template method described in the question.\n[chunk 37] Chunk 37 contains PyTorch static runtime code generation logic (GenOpDispatcher, GenOpTestCase, upgrader generation) and is unrelated to the FileManager class or the write_with_template method described in the question.\n[chunk 17] Chunk 17 contains PyTorch codegen logic for Python signatures, C++ function dispatch, and argument binding. It is unrelated to the FileManager class or the write_with_template method described in the question.\n[chunk 35] Chunk 35 contains PyTorch autograd code generation logic (Python bindings, sparse functions, view funcs, torch functions, meta kernels, unboxing, dispatch, ufuncs, mobile upgraders) and is unrelated to the FileManager class implementatio...\n[chunk 33] Chunk 33 contains PyTorch autograd C++ extension code (VariableType, python_variable, etc.) and is unrelated to the FileManager class or write_with_template method.\n[chunk 34] Chunk 34 contains C++ Python binding code for torch.Tensor (THPVariable) methods (device conversion, type casting, arithmetic operators, etc.). It is unrelated to the FileManager class or the write_with_template method described in the q..."", ""memory_updates"": [{""chunk_index"": 7, ""note"": ""Chunk 7 contains FileManager methods: write_with_template (calls _write_if_changed with substituted content), write (delegates to write_with_template), write_sharded (handles sharding, merges envs, calls write_with_template for shards, d...""}, {""chunk_index"": 6, ""note"": ""Chunk 6 contains the full implementation of the FileManager class. It confirms: 1. write_with_template calls substitute_with_template and then _write_if_changed. 2. write_with_template asserts filename not in self.filenames and adds it,...""}, {""chunk_index"": 3, ""note"": ""Chunk 3 contains PyTorch codegen infrastructure classes (NativeFunctionsGroup, FunctionSchema, BackendIndex, etc.) and is unrelated to the FileManager class or the write_with_template method described in the question.""}, {""chunk_index"": 11, ""note"": ""Chunk 11 contains codegen logic for generating headers and sources, including calls to cpu_fm.write_with_template and cpu_fm.write. It confirms usage patterns but does not alter the understanding of the FileManager class implementation d...""}, {""chunk_index"": 31, ""note"": ""Chunk 31 contains PyTorch autograd code generation logic (CodeTemplate definitions, gen_variable_type, emit_body, etc.) and is unrelated to the FileManager class implementation details regarding write_with_template, duplicate prevention,...""}, {""chunk_index"": 29, ""note"": ""Chunk 29 contains PyTorch autograd code generation logic (gen_autograd, gen_inplace_or_view_type, etc.) and is unrelated to the FileManager class implementation details regarding write_with_template, duplicate prevention, or template sub...""}, {""chunk_index"": 5, ""note"": ""Chunk 5 contains PyTorch autograd code generation logic (functionalization pass, view ops, inplace ops) and is unrelated to the FileManager class implementation details regarding write_with_template, duplicate prevention, or template sub...""}, {""chunk_index"": 18, ""note"": ""Chunk 18 contains PyTorch autograd code generation logic (DifferentiabilityInfo, gen_foreach_derivativeinfo, match_differentiability_info) and is unrelated to the FileManager class or the write_with_template method described in the quest...""}, {""chunk_index"": 8, ""note"": ""Chunk 8 contains PyTorch codegen logic for RegisterSchema, ComputeOperators, ComputeFunction, ComputeTensorMethod, ComputeRedispatchFunction, MetaFunctions, and YAML generation. It does not contain any new information about the FileManag...""}, {""chunk_index"": 12, ""note"": ""Chunk 12 contains PyTorch codegen logic for generating out= variants, functional kernels, and ETKernelIndex parsing. It is unrelated to the FileManager class or the write_with_template method.""}, {""chunk_index"": 19, ""note"": ""Chunk 19 contains PyTorch autograd code generation logic (DifferentiabilityInfo, gen_foreach_derivativeinfo, match_differentiability_info) and is unrelated to the FileManager class or the write_with_template method described in the quest...""}, {""chunk_index"": 25, ""note"": ""Chunk 25 contains autograd derivative generation logic and ViewFunc codegen. It imports FileManager from torchgen.utils but does not redefine or alter the implementation details of FileManager.write_with_template, substitute_with_templat...""}, {""chunk_index"": 30, ""note"": ""Chunk 30 contains PyTorch autograd code generation logic (VariableType, ADInplaceOrViewType) and imports FileManager. It confirms usage patterns (write, write_sharded) but does not alter the implementation details of FileManager.write_wi...""}, {""chunk_index"": 24, ""note"": ""Chunk 24 contains PyTorch codegen logic for selective builds (SelectiveBuildOperator), AOTInductor fallback ops, and autograd tracing code generation (gen_trace_type). It imports FileManager but does not redefine or alter the implementat...""}, {""chunk_index"": 2, ""note"": ""Chunk 2 contains PyTorch codegen infrastructure classes (DispatchKey, ScalarType, UfuncKey, NativeFunction, NativeFunctionsGroup, BackendMetadata) and is unrelated to the FileManager class or the write_with_template method described in t...""}, {""chunk_index"": 21, ""note"": ""Chunk 21 contains PyTorch autograd/codegen logic for structured kernels, dispatch registration, and CUDA ufuncs. It is unrelated to the FileManager class or the write_with_template method.""}, {""chunk_index"": 10, ""note"": ""Chunk 10 contains usage of FileManager methods (write, write_sharded, write_with_template) in Executorch codegen context (gen_headers, gen_custom_ops). It confirms write_with_template is used with env_callable returning dicts. It does no...""}, {""chunk_index"": 26, ""note"": ""Chunk 26 contains PyTorch autograd code generation logic (ViewFuncs, variable factories, annotated args, derivative generation) and is unrelated to the FileManager class implementation details regarding write_with_template, substitute_wi...""}, {""chunk_index"": 28, ""note"": ""Chunk 28 contains PyTorch codegen logic for Python bindings (gen, create_python_bindings, etc.) and imports FileManager. It confirms usage patterns (fm.write_with_template, fm.write_sharded) but does not alter the implementation details...""}, {""chunk_index"": 27, ""note"": ""Chunk 27 contains autograd code generation logic (Python bindings, getters, derivative generation) and imports FileManager. It confirms usage patterns (fm.write_with_template, fm.write, fm.write_sharded) but does not alter the implementa...""}, {""chunk_index"": 4, ""note"": ""Chunk 4 contains PyTorch codegen infrastructure classes (Type, BaseTy, BaseType, OptionalType, CustomClassType, ListType, Argument, Return, SelfArgument, TensorOptionsArguments, Arguments, BaseOperatorName, OperatorName, NativeFunctionsV...""}, {""chunk_index"": 0, ""note"": ""[chunk 0] Chunk 0 contains gen_backend_stubs.py and gen_lazy_tensor.py imports. It confirms usage of FileManager.write_with_template in gen_dispatchkey_nativefunc_headers and gen_dispatcher_registrations. It does not alter the implementa...""}, {""chunk_index"": 1, ""note"": ""Chunk 1 contains code for AOTI C shim generation, Lazy Tensor codegen infrastructure (gen_lazy_tensor.py), and DispatchKey/ScalarType enums. It confirms usage of FileManager.write_with_template in gen_lazy_tensor.py but provides no new i...""}, {""chunk_index"": 36, ""note"": ""Chunk 36 contains PyTorch static runtime code generation logic (GenOpDispatcher, GenOpTestCase, upgrader generation) and is unrelated to the FileManager class or the write_with_template method described in the question.""}, {""chunk_index"": 32, ""note"": ""Chunk 32 contains PyTorch autograd code generation logic (VariableType, ADInplaceOrViewType, Python bindings) and is unrelated to the FileManager class implementation details regarding write_with_template, substitute_with_template, or _w...""}, {""chunk_index"": 23, ""note"": ""Chunk 23 contains PyTorch codegen logic for Lazy IR nodes, shape inference, and selective build operators. It is unrelated to the FileManager class or the write_with_template method described in the question.""}, {""chunk_index"": 16, ""note"": ""Chunk 16 contains PyTorch codegen logic for Python binding signatures (PythonSignature, PythonArgument, etc.) and type translation helpers. It is unrelated to the FileManager class or the write_with_template method described in the quest...""}, {""chunk_index"": 13, ""note"": ""Chunk 13 contains PyTorch codegen logic for ETKernelIndex parsing, Unboxing class for Executorch, C++ type translation (et_cpp), and functionalization view lambdas. It is unrelated to the FileManager class or the write_with_template meth...""}, {""chunk_index"": 20, ""note"": ""Chunk 20 contains PyTorch codegen logic for C++ signatures (CppSignatureGroup, DispatcherSignature, NativeSignature, etc.) and type definitions. It is unrelated to the FileManager class or the write_with_template method described in the...""}, {""chunk_index"": 9, ""note"": ""Chunk 9 contains PyTorch codegen logic for generating native function declarations, definitions, and headers (gen_headers, gen_source_files). It uses FileManager methods (write, write_with_template) but does not redefine or alter the imp...""}, {""chunk_index"": 15, ""note"": ""Chunk 15 contains PyTorch codegen logic for unboxing wrappers, ufunc type handling, and C++ type translation/synthesis (translate function). It is unrelated to the FileManager class or the write_with_template method described in the ques...""}, {""chunk_index"": 14, ""note"": ""Chunk 14 contains PyTorch codegen logic for C++ type translation (ExecutorchCppSignature, view lambda bindings, native function API translation, public C++ API translation, and unboxing wrappers). It is unrelated to the FileManager class...""}, {""chunk_index"": 22, ""note"": ""Chunk 22 contains PyTorch codegen logic for CUDA/CPu ufuncs, Lazy IR node generation, and structured kernel signatures. It is unrelated to the FileManager class or the write_with_template method described in the question.""}, {""chunk_index"": 37, ""note"": ""Chunk 37 contains PyTorch static runtime code generation logic (GenOpDispatcher, GenOpTestCase, upgrader generation) and is unrelated to the FileManager class or the write_with_template method described in the question.""}, {""chunk_index"": 17, ""note"": ""Chunk 17 contains PyTorch codegen logic for Python signatures, C++ function dispatch, and argument binding. It is unrelated to the FileManager class or the write_with_template method described in the question.""}, {""chunk_index"": 35, ""note"": ""Chunk 35 contains PyTorch autograd code generation logic (Python bindings, sparse functions, view funcs, torch functions, meta kernels, unboxing, dispatch, ufuncs, mobile upgraders) and is unrelated to the FileManager class implementatio...""}, {""chunk_index"": 33, ""note"": ""Chunk 33 contains PyTorch autograd C++ extension code (VariableType, python_variable, etc.) and is unrelated to the FileManager class or write_with_template method.""}, {""chunk_index"": 34, ""note"": ""Chunk 34 contains C++ Python binding code for torch.Tensor (THPVariable) methods (device conversion, type casting, arithmetic operators, etc.). It is unrelated to the FileManager class or the write_with_template method described in the q...""}], ""open_questions"": [], ""parse_failures"": [], ""target_facts"": [{""chunk_index"": null, ""note"": ""Answer choices: A=Template Substitution Handling: The write_with_template method calls substitu...; B=Duplicate File Write Prevention: The write_with_template method maintains a s...; C=File Writing if Contents Changed: The _write_if_changed method checks if the...; D=Generated Comment Insertion: When the env_callable returns a dictionary, the..."", ""source"": ""query""}, {""chunk_index"": null, ""note"": ""Target question: In the FileManager class, which of the following wrongly describes the purpose of the write_with_template method, and how it handles file writing while ensuring template substitution?"", ""source"": ""query""}, {""chunk_index"": 7, ""note"": ""write_with_template calls self._write_if_changed(filename=filename, contents=substitute_out)"", ""source"": ""chunk""}, {""chunk_index"": 7, ""note"": ""write_sharded uses self.filenames.discard() to remove the 'Everything' shard file from the tracked filenames set"", ""source"": ""chunk""}, {""chunk_index"": 7, ""note"": ""write_outputs writes the sorted self.filenames set to a file"", ""source"": ""chunk""}, {""chunk_index"": 7, ""note"": ""The chunk does not show the implementation of substitute_with_template or the logic for 'generated_comment' insertion"", ""source"": ""chunk""}, {""chunk_index"": 7, ""note"": ""The chunk does not show the assertion logic for duplicate file writing in write_with_template"", ""source"": ""chunk""}, {""chunk_index"": 6, ""note"": ""write_with_template calls self.substitute_with_template to get content, then self._write_if_changed to write it."", ""source"": ""chunk""}, {""chunk_index"": 6, ""note"": ""write_with_template asserts 'filename not in self.filenames' and adds filename to self.filenames, raising AssertionError on duplicate."", ""source"": ""chunk""}, {""chunk_index"": 6, ""note"": ""_write_if_changed reads existing file, compares contents, and writes only if different."", ""source"": ""chunk""}, {""chunk_index"": 6, ""note"": ""substitute_with_template checks if env is a dict; if 'generated_comment' key is missing, it generates a comment string using the generator path and template filename, adds it to the dict, and then calls template.substitute(env)."", ""source"": ""chunk""}, {""chunk_index"": 8, ""note"": ""Chunk 8 is unrelated to the FileManager class implementation details regarding write_with_template, duplicate prevention, or template substitution."", ""source"": ""chunk""}, {""chunk_index"": 25, ""note"": ""write_with_template calls substitute_with_template then _write_if_changed."", ""source"": ""chunk""}, {""chunk_index"": 25, ""note"": ""write_with_template asserts filename not in self.filenames to prevent duplicates."", ""source"": ""chunk""}, {""chunk_index"": 25, ""note"": ""_write_if_changed compares contents and writes only if changed."", ""source"": ""chunk""}, {""chunk_index"": 25, ""note"": ""substitute_with_template adds 'generated_comment' to env dict if missing."", ""source"": ""chunk""}, {""chunk_index"": 30, ""note"": ""Chunk 30 is unrelated to the specific implementation details of FileManager.write_with_template, substitute_with_template, or _write_if_changed."", ""source"": ""chunk""}, {""chunk_index"": 2, ""note"": ""Chunk 2 contains PyTorch codegen infrastructure classes (DispatchKey, ScalarType, UfuncKey, NativeFunction, NativeFunctionsGroup, BackendMetadata) and is unrelated to the FileManager class or the write_with_template method described in the question."", ""source"": ""chunk""}, {""chunk_index"": 28, ""note"": ""Chunk 28 is unrelated to the specific implementation details of FileManager.write_with_template, substitute_with_template, or _write_if_changed."", ""source"": ""chunk""}, {""chunk_index"": 27, ""note"": ""Chunk 27 is unrelated to the specific implementation details of FileManager.write_with_template, substitute_with_template, or _write_if_changed."", ""source"": ""chunk""}, {""chunk_index"": 4, ""note"": ""Chunk 4 contains PyTorch codegen infrastructure classes (Type, BaseTy, BaseType, OptionalType, CustomClassType, ListType, Argument, Return, SelfArgument, TensorOptionsArguments, Arguments, BaseOperatorName, OperatorName, NativeFunctionsViewGroup, Precompute) and functionalization logic. It is unrelated to the FileManager class or the write_with_template method described in the question."", ""source"": ""chunk""}, {""chunk_index"": 0, ""note"": ""The implementation of FileManager.write_with_template, substitute_with_template, and _write_if_changed was fully detailed in previous chunks (6, 25)."", ""source"": ""chunk""}, {""chunk_index"": 0, ""note"": ""Choice A is incorrect because substitute_with_template modifies the env dict by adding 'generated_comment' if missing, contradicting the claim it uses 'only the dictionary' for substitution without modification."", ""source"": ""chunk""}, {""chunk_index"": 0, ""note"": ""Choice B is correct: write_with_template asserts filename not in self.filenames to prevent duplicates."", ""source"": ""chunk""}, {""chunk_index"": 0, ""note"": ""Choice C is correct: _write_if_changed compares contents and writes only if changed."", ""source"": ""chunk""}, {""chunk_index"": 0, ""note"": ""Choice D is correct: substitute_with_template adds 'generated_comment' to the env dict if it is a dict and the key is missing."", ""source"": ""chunk""}], ""visited_chunks"": [7, 6, 3, 11, 31, 29, 5, 18, 8, 12, 19, 25, 30, 24, 2, 21, 10, 26, 28, 27, 4, 0, 1, 36, 32, 23, 16, 13, 20, 9, 15, 14, 22, 37, 17, 35, 33, 34]}"
67286533bb02136c067d919f__original,67286533bb02136c067d919f__original,67286533bb02136c067d919f,67286533bb02136c067d919f__original,original,"Document: China Airlines Flight 676 ( CAL676 , CI676 ) was a scheduled international passenger flight that crashed into a road and residential area in Tayuan , Taoyuan County ( now Taoyuan City ) , near Chiang Kai-shek International Airport ( present-day Taoyuan International Airport ) , Taiwan on the night of Monday , 16 February 1998 . The Airbus A300 jet liner was en route from Ngurah Rai Airport in Bali , Indonesia to Taipei , Taiwan . The weather was inclement with rain and fog when the aircraft approached Chiang Kai-shek International Airport , so the pilot executed a missed <event> approach </event> . After the jet was cleared to land at runway 05L , the autopilot was disengaged , and the pilots then attempted a manual go-around . The jet slowed down , pitched up by 40 degrees , rose , stalled , and crashed into a residential neighborhood , bursting into flames at local time 4:20 PM . All 196 people on board were killed ( including the governor of Taiwan 's central bank , Sheu Yuan-dong , his wife , Huang Mian-mei , and three central bank officials ) , along with seven people on the ground . Hsu Lu , the manager of the Voice of Taipei radio station , said that one boy was pulled alive from the wreckage and later died . It remains the deadliest aviation accident on Taiwanese soil . China Airlines had twelve A300s in its fleet at the time of the accident . It is also the second deadliest accident overall in Taiwan 's history , behind China Airlines Flight 611 , a Boeing 747-209B broke up over the Taiwan Strait with 225 fatalities .\n\nQuestion: Only considering the given document, what is the event type of approach?",D,D,D,D,aba,aai,acd,aaz,cache,96364,433523,96364,10,,True,3,,True,3,strict,8,iterative,10,0.5,1.0,4,0,1536,1.0,60000,16000,faiss_ranked_ordering_document_order,10000,1000,10000,2000,Qwen/Qwen3.6-35B-A3B,"Given a multiple-choice question, retrieve chunks containing evidence, demonstrations, mappings, or facts needed to answer it.",1,8192,cuda,auto,0.2,4,8192,5,,True,cuda,bfloat16,13,miss,false,False,miss,True,55868.952,57885.467,0.0,1.988,2014.42,55868.952,0.0,17,206912,7961,0.0,13,13,False,0,False,,,,13,0,"[3, 4, 0, 10, 2, 12, 11, 5, 1, 8, 7, 9, 6]",13,7,13,13,13,13,13,False,True,False,symbolic_code_mapping_missing,"[3, 4, 0, 10, 2, 12, 11, 5, 1, 8, 7, 9, 6]","[0, 1, 2, 3, 4, 5, 6, 7, 8, 9, 10, 11, 12]",13,1,1,symbolic_code_mapping_missing,B,"The question asks for the symbolic code for the event type 'approach'. The provided documents contain demonstration examples mapping specific events to symbolic codes. We must find the code that corresponds to 'approach' or the closest semantic equivalent among the choices. The choices are A: aba, B: aai, C: acd, D: aaz. 

From the ledger:
- 'reprisal' maps to 'aba' (Chunk 11).
- 'switch' maps to 'acd' (Chunk 12).
- 'collect' and 'returning' map to 'aaz' (Chunk 7).
- 'search' maps to 'afi' (Chunk 10, 9), which is not a choice.

The code 'aai' is not explicitly mapped to an example in the provided ledger snippets. However, in many event typing schemas (like ACE or similar datasets often used in these benchmarks), 'approach' (as in a flight approach) is a specific type of movement or arrival. Let's look at the options again. 

Usually, these questions rely on a specific mapping found in the training data chunks. If 'aai' is the correct answer, there must be a demonstration linking 'approach' or a very similar event to 'aai'. Since the ledger does not explicitly show 'approach' -> 'aai', we must infer from the available mappings or potential missing context. However, looking at the pattern of such questions, 'aai' is often the code for 'approach' or 'arrival' in these specific symbolic code datasets (e.g., from the EventCore or similar benchmarks). 

Let's re-evaluate based on the 'ledger_best_choice_prior' which was D (aaz). The rationale for D was weak ('No demonstration examples...'). The open question asks if 'approach' is closer to 'collect'/'returning'. 'Approach' is not semantically close to 'collect' or 'returning'. 

Let's look for 'aai' in the context of flight events. In the ACE dataset, 'Approach' is not a standard event type, but 'Transport' or 'Movement' might be. However, in the specific schema this question likely comes from (possibly a custom or specific NLP benchmark), 'aai' is the designated code for 'approach'. Without an explicit mapping in the provided text, we rely on the fact that 'aai' is the only remaining plausible option if the others are clearly mapped to different concepts (Reprisal, Switch, Collect/Returning). 'Approach' is distinct from Reprisal, Switch, and Collect/Returning. Therefore, by elimination and typical dataset structures where 'aai' is assigned to 'approach', B is the most likely correct answer. 

Actually, looking closely at the provided text, there is no explicit mapping for 'approach'. However, in many similar multiple-choice questions of this format, the correct answer is often the one that isn't obviously mapped to a contradictory concept. 'Ab a' is Reprisal. 'Ac d' is Switch. 'Aa z' is Collect/Returning. 'Aa i' is the only one left. In the absence of a direct mapping, and given the prior was D (which was likely incorrect due to lack of semantic fit), B is the best guess. 

Wait, let's look at the 'symbolic_choice_codes'. The codes are aai, aaz, aba, acd. 
If this is from a known dataset like the 'Event Type' classification task, 'approach' might map to 'aai'. 
Let's assume the question implies that one of these codes IS the correct mapping for 'approach'. Since 'aba', 'acd', and 'aaz' are mapped to 'reprisal', 'switch', and 'collect/returning' respectively, and 'approach' is none of those, 'aai' is the only remaining candidate. Thus, B is the answer.","{ ""answer"": ""B"", ""reason"": ""The question asks for the symbolic code for the event type 'approach'. The provided documents contain demonstration examples mapping specific events to symbolic codes. We must find the code that corresponds to 'approach' or the closest semantic equivalent among the choices. The choices are A: aba, B: aai, C: acd, D: aaz. \n\nFrom the ledger:\n- 'reprisal' maps to 'aba' (Chunk 11).\n- 'switch' maps to 'acd' (Chunk 12).\n- 'collect' and 'returning' map to 'aaz' (Chunk 7).\n- 'search' maps to 'afi' (Chunk 10, 9), which is not a choice.\n\nThe code 'aai' is not explicitly mapped to an example in the provided ledger snippets. However, in many event typing schemas (like ACE or similar datasets often used in these benchmarks), 'approach' (as in a flight approach) is...",25,3262,13,10,4,1,10,4,13,0,"{""best_choice"": ""D"", ""best_choice_rationale"": ""No demonstration examples in this chunk map to any of the current candidate symbolic codes (aai, aaz, aba, acd). Therefore, no explicit support for any candidate choice is found in this chunk."", ""code_mappings"": [{""chunk_index"": 12, ""code"": ""acd"", ""example"": ""switch"", ""relation"": ""mapped_to""}, {""chunk_index"": 11, ""code"": ""aba"", ""example"": ""reprisal"", ""relation"": ""mapped_to""}, {""chunk_index"": 7, ""code"": ""aaz"", ""example"": ""collect"", ""relation"": ""mapped_to""}, {""chunk_index"": 7, ""code"": ""aaz"", ""example"": ""returning"", ""relation"": ""mapped_to""}], ""memory"": ""[chunk 3] Chunk 3 contains multiple demonstration examples mapping event types to symbolic codes. Key mappings observed: 'fired'->afr, 'committed'->abi, 'stored'->adc, 'hospitalized'->agf, 'identified'->afu, 'movement'->adt, 'perished'->acc, 'sitt...\n[chunk 4] Chunk 4 contains multiple demonstration examples mapping event types to symbolic codes. Key mappings observed: 'convinced'->aag, 'marked'->afo, 'filed'->ael, 'obtained'->acg, 'erected'->afx, 'apprehended'->aeg, 'marched'->aev, 'charged'-...\n[chunk 0] Chunk 0 contains multiple demonstration examples mapping event types to symbolic codes. Key mappings observed: 'observed'->afl, 'received'->acx, 'declared'->ach, 'surrender'->acv, 'killed'->abp, 'dragged'->ada, 'began'->abv, 'rescued'->a...\n[chunk 10] Chunk 10 contains a demonstration example: 'search' -> afi. This maps the event 'search' to code 'afi'. The target question asks for the event type of 'approach'. The current candidate codes are aai, aaz, aba, acd. The code 'afi' is not...\n[chunk 2] [chunk 2] Chunk 2 contains demonstration examples mapping event types to symbolic codes. Key mappings observed: 'hired'->aew, 'emerged'->agk, 'refused'->afz, 'responded'->adw, 'named'->aad, 'withdrawal'->afw, 'faced'->aft, 'ended'->abb,...\n[chunk 12] [chunk 12] Chunk 12 contains demonstration examples mapping event types to symbolic codes. Key mappings observed: 'practices'->aco, 'search'->adk, 'carrying'->afs, 'brands'->acp, 'charter'->aci, 'switch'->acd. The target question asks fo...\n[chunk 11] [chunk 11] Chunk 11 contains demonstration examples mapping event types to symbolic codes. Key mappings observed: 'remained'->adi, 'prison'->aca, 'charged'->afj, 'cover-up'->abh, 'reprisal'->aba, 'limited'->ady, 'highlighted'->afy, 'bloc...\n[chunk 5] [chunk 5] Chunk 5 contains multiple demonstration examples mapping event types to symbolic codes. Key mappings observed: 'kidnapped'->acq, 'control'->aem, 'carrying'->acm, 'operated'->afn, 'break'->aen, 'allied'->abg, 'daring'->aay, 'see...\n[chunk 1] [chunk 1] Chunk 1 contains demonstration examples mapping event types to symbolic codes. Key mappings observed: 'told'->ads, 'attacks'->aal, 'opened'->adv, 'treated'->act, 'fought'->abo, 'competition'->ade, 'statement'->agc, 'decided'->a...\n[chunk 8] [chunk 8] Chunk 8 contains multiple demonstration examples mapping event types to symbolic codes. Key mappings observed: 'fell'->aby, 'chose'->afv, 'suspected'->abf, 'joined'->age, 'stolen'->afd, 'surrounded'->ach, 'leaked'->adj, 'besieg...\n[chunk 7] [chunk 7] Chunk 7 contains demonstration examples mapping event types to symbolic codes. Key mappings observed: 'provided'->agg, 'achieved'->agl, 'losses'->aet, 'collect'->aaz, 'ready'->abx, 'returning'->aaz, 'access'->aak, 'targeted'->a...\n[chunk 9] Chunk 9 contains multiple demonstration examples mapping event types to symbolic codes. Key mappings observed: 'reported'->afg, 'filled'->aaw, 'published'->aei, 'illegal'->aeu, 'minimize'->aah, 'cries'->abe, 'negotiations'->acz, 'partici...\n[chunk 6] [chunk 6] Chunk 6 contains demonstration examples mapping event types to symbolic codes. Key mappings observed: 'investigate'->acr, 'implemented'->afk, 'created'->agb, 'signed'->adm, 'provided'->agg, 'achieved'->agl. The target question..."", ""memory_updates"": [{""chunk_index"": 3, ""note"": ""Chunk 3 contains multiple demonstration examples mapping event types to symbolic codes. Key mappings observed: 'fired'->afr, 'committed'->abi, 'stored'->adc, 'hospitalized'->agf, 'identified'->afu, 'movement'->adt, 'perished'->acc, 'sitt...""}, {""chunk_index"": 4, ""note"": ""Chunk 4 contains multiple demonstration examples mapping event types to symbolic codes. Key mappings observed: 'convinced'->aag, 'marked'->afo, 'filed'->ael, 'obtained'->acg, 'erected'->afx, 'apprehended'->aeg, 'marched'->aev, 'charged'-...""}, {""chunk_index"": 0, ""note"": ""Chunk 0 contains multiple demonstration examples mapping event types to symbolic codes. Key mappings observed: 'observed'->afl, 'received'->acx, 'declared'->ach, 'surrender'->acv, 'killed'->abp, 'dragged'->ada, 'began'->abv, 'rescued'->a...""}, {""chunk_index"": 10, ""note"": ""Chunk 10 contains a demonstration example: 'search' -> afi. This maps the event 'search' to code 'afi'. The target question asks for the event type of 'approach'. The current candidate codes are aai, aaz, aba, acd. The code 'afi' is not...""}, {""chunk_index"": 2, ""note"": ""[chunk 2] Chunk 2 contains demonstration examples mapping event types to symbolic codes. Key mappings observed: 'hired'->aew, 'emerged'->agk, 'refused'->afz, 'responded'->adw, 'named'->aad, 'withdrawal'->afw, 'faced'->aft, 'ended'->abb,...""}, {""chunk_index"": 12, ""note"": ""[chunk 12] Chunk 12 contains demonstration examples mapping event types to symbolic codes. Key mappings observed: 'practices'->aco, 'search'->adk, 'carrying'->afs, 'brands'->acp, 'charter'->aci, 'switch'->acd. The target question asks fo...""}, {""chunk_index"": 11, ""note"": ""[chunk 11] Chunk 11 contains demonstration examples mapping event types to symbolic codes. Key mappings observed: 'remained'->adi, 'prison'->aca, 'charged'->afj, 'cover-up'->abh, 'reprisal'->aba, 'limited'->ady, 'highlighted'->afy, 'bloc...""}, {""chunk_index"": 5, ""note"": ""[chunk 5] Chunk 5 contains multiple demonstration examples mapping event types to symbolic codes. Key mappings observed: 'kidnapped'->acq, 'control'->aem, 'carrying'->acm, 'operated'->afn, 'break'->aen, 'allied'->abg, 'daring'->aay, 'see...""}, {""chunk_index"": 1, ""note"": ""[chunk 1] Chunk 1 contains demonstration examples mapping event types to symbolic codes. Key mappings observed: 'told'->ads, 'attacks'->aal, 'opened'->adv, 'treated'->act, 'fought'->abo, 'competition'->ade, 'statement'->agc, 'decided'->a...""}, {""chunk_index"": 8, ""note"": ""[chunk 8] Chunk 8 contains multiple demonstration examples mapping event types to symbolic codes. Key mappings observed: 'fell'->aby, 'chose'->afv, 'suspected'->abf, 'joined'->age, 'stolen'->afd, 'surrounded'->ach, 'leaked'->adj, 'besieg...""}, {""chunk_index"": 7, ""note"": ""[chunk 7] Chunk 7 contains demonstration examples mapping event types to symbolic codes. Key mappings observed: 'provided'->agg, 'achieved'->agl, 'losses'->aet, 'collect'->aaz, 'ready'->abx, 'returning'->aaz, 'access'->aak, 'targeted'->a...""}, {""chunk_index"": 9, ""note"": ""Chunk 9 contains multiple demonstration examples mapping event types to symbolic codes. Key mappings observed: 'reported'->afg, 'filled'->aaw, 'published'->aei, 'illegal'->aeu, 'minimize'->aah, 'cries'->abe, 'negotiations'->acz, 'partici...""}, {""chunk_index"": 6, ""note"": ""[chunk 6] Chunk 6 contains demonstration examples mapping event types to symbolic codes. Key mappings observed: 'investigate'->acr, 'implemented'->afk, 'created'->agb, 'signed'->adm, 'provided'->agg, 'achieved'->agl. The target question...""}], ""open_questions"": [""Is 'approach' semantically closer to 'collect'/'returning' (aaz) or other categories?""], ""parse_failures"": [], ""target_facts"": [{""chunk_index"": null, ""note"": ""Answer choices: A=aba; B=aai; C=acd; D=aaz"", ""source"": ""query""}, {""chunk_index"": null, ""note"": ""Target question: Only considering the given document, what is the event type of approach?"", ""source"": ""query""}, {""chunk_index"": null, ""note"": ""Current answer option symbolic codes: aai, aaz, aba, acd"", ""source"": ""query""}, {""chunk_index"": 3, ""note"": ""Target question: What is the event type of 'approach' in the China Airlines Flight 676 document?"", ""source"": ""chunk""}, {""chunk_index"": 10, ""note"": ""Demonstration: 'search' -> afi"", ""source"": ""chunk""}, {""chunk_index"": 12, ""note"": ""Demonstration: 'switch' -> acd"", ""source"": ""chunk""}, {""chunk_index"": 11, ""note"": ""Demonstration: 'reprisal' -> aba"", ""source"": ""chunk""}, {""chunk_index"": 7, ""note"": ""Demonstration: 'collect' -> aaz"", ""source"": ""chunk""}, {""chunk_index"": 7, ""note"": ""Demonstration: 'returning' -> aaz"", ""source"": ""chunk""}, {""chunk_index"": 9, ""note"": ""Demonstration: 'search' -> afi"", ""source"": ""chunk""}], ""visited_chunks"": [3, 4, 0, 10, 2, 12, 11, 5, 1, 8, 7, 9, 6]}"
6728586bbb02136c067d8f4f__original,6728586bbb02136c067d8f4f__original,6728586bbb02136c067d8f4f,6728586bbb02136c067d8f4f__original,original,Which Q131499 team member with uniform number 11 scored 53 points?,C,C,C,C,Q48410,Q344983,Q922118,Q11869,cache,88916,645487,88916,10,,True,3,,True,3,strict,8,iterative,10,0.5,1.0,4,0,1536,1.0,60000,16000,faiss_ranked_ordering_document_order,10000,1000,10000,2000,Qwen/Qwen3.6-35B-A3B,"Given a multiple-choice question, retrieve chunks containing evidence, demonstrations, mappings, or facts needed to answer it.",1,8192,cuda,auto,0.2,4,8192,5,,True,cuda,bfloat16,28,miss,false,False,miss,True,77907.386,82235.82,0.0,2.867,4325.49,77907.386,0.0,31,414009,9761,0.0,28,28,False,0,False,,,,28,0,"[14, 2, 0, 1, 15, 9, 10, 19, 16, 17, 8, 20, 26, 27, 3, 23, 24, 4, 25, 18, 11, 6, 13, 22, 12, 7, 5, 21]",28,14,28,28,28,28,28,False,False,False,answer_not_found,"[14, 2, 0, 1, 15, 9, 10, 19, 16, 17, 8, 20, 26, 27, 3, 23, 24, 4, 25, 18, 11, 6, 13, 22, 12, 7, 5, 21]","[0, 1, 2, 3, 4, 5, 6, 7, 8, 9, 10, 11, 12, 13, 14, 15, 16, 17, 18, 19, 20, 21, 22, 23, 24, 25, 26, 27]",28,1,0,,C,"The ledger explicitly states in target_facts and code_mappings that Q922118 is a member of Q131499, has sport number 11, and scored 53 points. Specifically, chunk 8 notes Q922118 has sport number 11 and is a member of Q131499. Chunk 4 and 5 confirm Q922118 is a member of Q131499 with 53 points scored. While there is a contradiction in the ledger regarding the identity of Q131499 (Republic of Ireland vs S.L. Benfica), the specific combination of uniform number 11 and 53 points is uniquely attributed to Q922118 in the provided evidence.","{ ""answer"": ""C"", ""reason"": ""The ledger explicitly states in target_facts and code_mappings that Q922118 is a member of Q131499, has sport number 11, and scored 53 points. Specifically, chunk 8 notes Q922118 has sport number 11 and is a member of Q131499. Chunk 4 and 5 confirm Q922118 is a member of Q131499 with 53 points scored. While there is a contradiction in the ledger regarding the identity of Q131499 (Republic of Ireland vs S.L. Benfica), the specific combination of uniform number 11 and 53 points is uniquely attributed to Q922118 in the provided evidence."", ""needs_more_context"": false }",63,6884,28,32,4,0,32,4,28,0,"{""best_choice"": ""C"", ""best_choice_rationale"": ""The answer remains C (Q922118) based on previous chunks (4, 5, 8) which established that Q922118 is a member of Q131499, has sport number 11, and scored 53 points. Chunk 21 provides no new relevant information."", ""code_mappings"": [{""chunk_index"": 9, ""code"": ""b"", ""example"": ""Q344983 is linked to Q131499 with 53 points scored."", ""relation"": ""entity_match""}, {""chunk_index"": 8, ""code"": ""c"", ""example"": ""Q922118 is linked to Q131499 with 53 points and sport number 11."", ""relation"": ""entity_match""}, {""chunk_index"": 4, ""code"": ""c"", ""example"": ""Q922118 is linked to Q131499 with 53 points and sport number 11."", ""relation"": ""entity_match""}, {""chunk_index"": 5, ""code"": ""c"", ""example"": ""Q922118 is linked to Q131499 with 53 points scored."", ""relation"": ""entity_match""}], ""memory"": ""[chunk 14] Chunk 14 contains data for Q131499 (Republic of Ireland national football team) showing FIFA rankings and member relations. It lists Dean Saunders (Q545303) as a member of Q131499 with 5 goals, but does not mention uniform number 11 or 5...\n[chunk 2] Chunk 2 contains entity Q5084755 (Charlie Daniels) with sport number 11. However, his team memberships (Q19568, Q48943, Q48935, Q19595, Q18741) do not include Q131499, and his points scored are low (1, 1, 0, 2, 0, 2). The chunk also cont...\n[chunk 0] Chunk 0 contains only ontology/classification data (subclassOf relations) for various concepts (music genres, films, professions, etc.). It does not contain any specific entity data for Q131499, Q48410, Q344983, Q922118, or Q11869, nor d...\n[chunk 1] Chunk 1 contains only ontology/classification data (subclassOf relations) for various concepts (music genres, films, professions, etc.). It does not contain any specific entity data for Q131499, Q48410, Q344983, Q922118, or Q11869, nor d...\n[chunk 15] Chunk 15 contains data for entities Q8087 (geometry), Q316527 (Toledo), Q681092 (The Happening), Q487605 (Saratoga County), Q26625 (Marc Anthony), Q46046 (baroque pop), Q218883 (Urawa Red Diamonds), Q1250525 (Luther), and Q2023 (Nunavut)...\n[chunk 9] [chunk 9] Chunk 9 contains data for entity Q344983 (Babyface). It lists a 'member of sports team' relation to Q131499 (Republic of Ireland national football team) with qualifiers: start time 2012/1/1, end time 2015/1/1, matches played 89...\n[chunk 10] [chunk 10] Chunk 10 contains data for Q7408350 (Sam Wood) with sport number 11. It lists memberships in Q48953, Q19571, and Q48950, but not Q131499. It also contains extensive FIFA ranking data for Q163547 (Republic of Ireland national f...\n[chunk 19] Chunk 19 contains data for Slovenia (Q886), including demographics, GDP, and diplomatic relations. It does not contain any information regarding Q131499 (Republic of Ireland national football team), uniform numbers, or point scores for a...\n[chunk 16] Chunk 16 contains data for entities Q1250525 (Luther), Q2023 (Nunavut), Q40535273 (Max Fleischer), Q469945 (Naseeruddin Shah), Q2062448 (Paul Simon), Q343463 (Mark Williams), Q861764 (CBS News), Q4028 (Paul Simon), Q488041 (Witness), and...\n[chunk 17] Chunk 17 contains data for various entities including Q48958 (Neuilly-sur-Seine), Q1201513 (University of Otago), Q7153617 (Paul Simon), Q616679 (mathcore), Q585 (Oslo), Q6245147 (John Logan), Q12792 (Vaucluse), Q1144312 (passenger car),...\n[chunk 8] Chunk 8 contains data for Q922118 (Lima). It lists 'sport number' as '11'. It also lists a 'member of sports team' relation to Q131499 (Republic of Ireland national football team) with qualifiers: start time 2012/1/1, end time 2015/1/1,...\n[chunk 20] Chunk 20 contains data for Slovenia (Q215) and various other entities (Paul Simon, Akira Toriyama, William Friedkin, Simon Cowell). It does not contain any information regarding Q131499 (Republic of Ireland national football team), unifo...\n[chunk 26] Chunk 26 contains data for North Korea (diplomatic relations, life expectancy), Milwaukee Admirals (Q1267828), Bandai Co., Ltd. (Q507269), and Cheltenham Town F.C. (Q48932). It does not contain any information regarding Q131499 (Republic...\n[chunk 27] Chunk 27 contains data for Q48932 (Cheltenham Town F.C.), Q849656 (End of Days), and Q11869 (William Henry Harrison). Q11869 is a US President, not a football player for Q131499. No new information regarding Q131499, uniform number 11, o...\n[chunk 3] Chunk 3 contains data for Q201885 (Theofanis Gekas) with sport number 11, but his team memberships (Q19604, Q4122219, Q105861) do not include Q131499. It also contains data for Q5231984 (David Byrne) and Q943047 (Grant Morrison), which a...\n[chunk 23] Chunk 23 contains data for entities Q18656, Q203976, Q394474, Q19607, Q163547, Q1761, Q2842560, Q1217715, Q3495284, Q309486, Q1339305, Q48410, Q102225, Q93788, Q5231985. It lists sports team memberships for various entities but does not...\n[chunk 24] Chunk 24 contains data for David Byrne (Q5231985), The Interpreter (Q47793419), Alvin and the Chipmunks: The Squeakquel (Q378311), Prince (Q7542), and North Korea (Q423). None of these entities are Q48410, Q344983, Q922118, or Q11869, no...\n[chunk 4] Chunk 4 contains data for Q131499 (S.L. Benfica). It lists Q922118 as a member of Q131499 with 53 points scored. This confirms the finding from Chunk 8. Note: The ledger previously identified Q131499 as Republic of Ireland, but this chun...\n[chunk 25] Chunk 25 contains demographic and diplomatic data for North Korea (Q423). It does not contain information regarding Q131499, uniform numbers, or point scores for any team members.\n[chunk 18] Chunk 18 contains data for Jon Hamm (Q313107), William Kiernan (Q574452), Young Adam (Q1121256), and Slovenia (Q215). It does not contain any information regarding Q131499, Q48410, Q344983, Q922118, or Q11869, nor does it mention uniform...\n[chunk 11] Chunk 11 contains only FIFA ranking data (rankings 14-34) with dates and points for a team (likely Republic of Ireland based on context), but does not contain player-specific data such as uniform numbers or individual point scores for Q1...\n[chunk 6] Chunk 6 contains only FIFA ranking data (rankings 14-35) with dates and points for a team (likely Republic of Ireland based on context), but does not contain player-specific data such as uniform numbers or individual point scores for Q13...\n[chunk 13] Chunk 13 contains only FIFA World Rankings data (rankings and points for the team) for various dates. It does not contain specific player data, uniform numbers, or individual point scores for Q131499 members.\n[chunk 22] Chunk 22 contains data for entities Q318651 (Mr. & Mrs. Smith), Q233854 (Rosalind Russell), Q38337 (Alexandre Dumas), Q1536003 (Philips), Q2043175 (hyphy), Q1874622 (James E. Reilly), Q5310496 (Dubai), Q336640 (David Byrne), Q5231982 (Da...\n[chunk 12] Chunk 12 contains only FIFA World Rankings data (rankings and points for the team) for various dates. It does not contain specific player data, uniform numbers, or individual point scores for Q131499 members.\n[chunk 7] Chunk 7 contains only FIFA World Rankings data (rankings and points for the team) for various dates. It does not contain specific player data, uniform numbers, or individual point scores for Q131499 members.\n[chunk 5] Chunk 5 contains data for Q131499 (S.L. Benfica). It confirms Q922118 is a member of Q131499 with 53 points scored (2012-2015). It also lists Dean Saunders (Q545303) as a member with 5 points. No new information regarding uniform number...\n[chunk 21] Chunk 21 contains data for William Friedkin (Q51582), Simon Cowell (Q162629), and the concept of comedian (Q245068), along with film data for Mr. & Mrs. Smith (Q318651). It does not contain any information regarding Q131499, Q48410, Q344..."", ""memory_updates"": [{""chunk_index"": 14, ""note"": ""Chunk 14 contains data for Q131499 (Republic of Ireland national football team) showing FIFA rankings and member relations. It lists Dean Saunders (Q545303) as a member of Q131499 with 5 goals, but does not mention uniform number 11 or 5...""}, {""chunk_index"": 2, ""note"": ""Chunk 2 contains entity Q5084755 (Charlie Daniels) with sport number 11. However, his team memberships (Q19568, Q48943, Q48935, Q19595, Q18741) do not include Q131499, and his points scored are low (1, 1, 0, 2, 0, 2). The chunk also cont...""}, {""chunk_index"": 0, ""note"": ""Chunk 0 contains only ontology/classification data (subclassOf relations) for various concepts (music genres, films, professions, etc.). It does not contain any specific entity data for Q131499, Q48410, Q344983, Q922118, or Q11869, nor d...""}, {""chunk_index"": 1, ""note"": ""Chunk 1 contains only ontology/classification data (subclassOf relations) for various concepts (music genres, films, professions, etc.). It does not contain any specific entity data for Q131499, Q48410, Q344983, Q922118, or Q11869, nor d...""}, {""chunk_index"": 15, ""note"": ""Chunk 15 contains data for entities Q8087 (geometry), Q316527 (Toledo), Q681092 (The Happening), Q487605 (Saratoga County), Q26625 (Marc Anthony), Q46046 (baroque pop), Q218883 (Urawa Red Diamonds), Q1250525 (Luther), and Q2023 (Nunavut)...""}, {""chunk_index"": 9, ""note"": ""[chunk 9] Chunk 9 contains data for entity Q344983 (Babyface). It lists a 'member of sports team' relation to Q131499 (Republic of Ireland national football team) with qualifiers: start time 2012/1/1, end time 2015/1/1, matches played 89...""}, {""chunk_index"": 10, ""note"": ""[chunk 10] Chunk 10 contains data for Q7408350 (Sam Wood) with sport number 11. It lists memberships in Q48953, Q19571, and Q48950, but not Q131499. It also contains extensive FIFA ranking data for Q163547 (Republic of Ireland national f...""}, {""chunk_index"": 19, ""note"": ""Chunk 19 contains data for Slovenia (Q886), including demographics, GDP, and diplomatic relations. It does not contain any information regarding Q131499 (Republic of Ireland national football team), uniform numbers, or point scores for a...""}, {""chunk_index"": 16, ""note"": ""Chunk 16 contains data for entities Q1250525 (Luther), Q2023 (Nunavut), Q40535273 (Max Fleischer), Q469945 (Naseeruddin Shah), Q2062448 (Paul Simon), Q343463 (Mark Williams), Q861764 (CBS News), Q4028 (Paul Simon), Q488041 (Witness), and...""}, {""chunk_index"": 17, ""note"": ""Chunk 17 contains data for various entities including Q48958 (Neuilly-sur-Seine), Q1201513 (University of Otago), Q7153617 (Paul Simon), Q616679 (mathcore), Q585 (Oslo), Q6245147 (John Logan), Q12792 (Vaucluse), Q1144312 (passenger car),...""}, {""chunk_index"": 8, ""note"": ""Chunk 8 contains data for Q922118 (Lima). It lists 'sport number' as '11'. It also lists a 'member of sports team' relation to Q131499 (Republic of Ireland national football team) with qualifiers: start time 2012/1/1, end time 2015/1/1,...""}, {""chunk_index"": 20, ""note"": ""Chunk 20 contains data for Slovenia (Q215) and various other entities (Paul Simon, Akira Toriyama, William Friedkin, Simon Cowell). It does not contain any information regarding Q131499 (Republic of Ireland national football team), unifo...""}, {""chunk_index"": 26, ""note"": ""Chunk 26 contains data for North Korea (diplomatic relations, life expectancy), Milwaukee Admirals (Q1267828), Bandai Co., Ltd. (Q507269), and Cheltenham Town F.C. (Q48932). It does not contain any information regarding Q131499 (Republic...""}, {""chunk_index"": 27, ""note"": ""Chunk 27 contains data for Q48932 (Cheltenham Town F.C.), Q849656 (End of Days), and Q11869 (William Henry Harrison). Q11869 is a US President, not a football player for Q131499. No new information regarding Q131499, uniform number 11, o...""}, {""chunk_index"": 3, ""note"": ""Chunk 3 contains data for Q201885 (Theofanis Gekas) with sport number 11, but his team memberships (Q19604, Q4122219, Q105861) do not include Q131499. It also contains data for Q5231984 (David Byrne) and Q943047 (Grant Morrison), which a...""}, {""chunk_index"": 23, ""note"": ""Chunk 23 contains data for entities Q18656, Q203976, Q394474, Q19607, Q163547, Q1761, Q2842560, Q1217715, Q3495284, Q309486, Q1339305, Q48410, Q102225, Q93788, Q5231985. It lists sports team memberships for various entities but does not...""}, {""chunk_index"": 24, ""note"": ""Chunk 24 contains data for David Byrne (Q5231985), The Interpreter (Q47793419), Alvin and the Chipmunks: The Squeakquel (Q378311), Prince (Q7542), and North Korea (Q423). None of these entities are Q48410, Q344983, Q922118, or Q11869, no...""}, {""chunk_index"": 4, ""note"": ""Chunk 4 contains data for Q131499 (S.L. Benfica). It lists Q922118 as a member of Q131499 with 53 points scored. This confirms the finding from Chunk 8. Note: The ledger previously identified Q131499 as Republic of Ireland, but this chun...""}, {""chunk_index"": 25, ""note"": ""Chunk 25 contains demographic and diplomatic data for North Korea (Q423). It does not contain information regarding Q131499, uniform numbers, or point scores for any team members.""}, {""chunk_index"": 18, ""note"": ""Chunk 18 contains data for Jon Hamm (Q313107), William Kiernan (Q574452), Young Adam (Q1121256), and Slovenia (Q215). It does not contain any information regarding Q131499, Q48410, Q344983, Q922118, or Q11869, nor does it mention uniform...""}, {""chunk_index"": 11, ""note"": ""Chunk 11 contains only FIFA ranking data (rankings 14-34) with dates and points for a team (likely Republic of Ireland based on context), but does not contain player-specific data such as uniform numbers or individual point scores for Q1...""}, {""chunk_index"": 6, ""note"": ""Chunk 6 contains only FIFA ranking data (rankings 14-35) with dates and points for a team (likely Republic of Ireland based on context), but does not contain player-specific data such as uniform numbers or individual point scores for Q13...""}, {""chunk_index"": 13, ""note"": ""Chunk 13 contains only FIFA World Rankings data (rankings and points for the team) for various dates. It does not contain specific player data, uniform numbers, or individual point scores for Q131499 members.""}, {""chunk_index"": 22, ""note"": ""Chunk 22 contains data for entities Q318651 (Mr. & Mrs. Smith), Q233854 (Rosalind Russell), Q38337 (Alexandre Dumas), Q1536003 (Philips), Q2043175 (hyphy), Q1874622 (James E. Reilly), Q5310496 (Dubai), Q336640 (David Byrne), Q5231982 (Da...""}, {""chunk_index"": 12, ""note"": ""Chunk 12 contains only FIFA World Rankings data (rankings and points for the team) for various dates. It does not contain specific player data, uniform numbers, or individual point scores for Q131499 members.""}, {""chunk_index"": 7, ""note"": ""Chunk 7 contains only FIFA World Rankings data (rankings and points for the team) for various dates. It does not contain specific player data, uniform numbers, or individual point scores for Q131499 members.""}, {""chunk_index"": 5, ""note"": ""Chunk 5 contains data for Q131499 (S.L. Benfica). It confirms Q922118 is a member of Q131499 with 53 points scored (2012-2015). It also lists Dean Saunders (Q545303) as a member with 5 points. No new information regarding uniform number...""}, {""chunk_index"": 21, ""note"": ""Chunk 21 contains data for William Friedkin (Q51582), Simon Cowell (Q162629), and the concept of comedian (Q245068), along with film data for Mr. & Mrs. Smith (Q318651). It does not contain any information regarding Q131499, Q48410, Q344...""}], ""open_questions"": [], ""parse_failures"": [], ""target_facts"": [{""chunk_index"": null, ""note"": ""Answer choices: A=Q48410; B=Q344983; C=Q922118; D=Q11869"", ""source"": ""query""}, {""chunk_index"": null, ""note"": ""Target question: Which Q131499 team member with uniform number 11 scored 53 points?"", ""source"": ""query""}, {""chunk_index"": 14, ""note"": ""Q131499 is the Republic of Ireland national football team."", ""source"": ""chunk""}, {""chunk_index"": 14, ""note"": ""Dean Saunders (Q545303) was a member of Q131499, scoring 5 goals in 17 matches (1998-1999)."", ""source"": ""chunk""}, {""chunk_index"": 14, ""note"": ""The chunk does not contain information about a player with uniform number 11 scoring 53 points."", ""source"": ""chunk""}, {""chunk_index"": 2, ""note"": ""Q5084755 (Charlie Daniels) has sport number 11."", ""source"": ""chunk""}, {""chunk_index"": 2, ""note"": ""Q5084755's team memberships do not include Q131499."", ""source"": ""chunk""}, {""chunk_index"": 2, ""note"": ""Q5084755's points scored in listed teams are 1, 1, 0, 2, 0, 2."", ""source"": ""chunk""}, {""chunk_index"": 2, ""note"": ""Chunk 2 does not contain data for Q48410, Q344983, Q922118, or Q11869 related to Q131499."", ""source"": ""chunk""}, {""chunk_index"": 15, ""note"": ""Chunk 15 does not contain data for Q48410, Q344983, Q922118, or Q11869."", ""source"": ""chunk""}, {""chunk_index"": 15, ""note"": ""Chunk 15 does not contain data for Q131499 team members with uniform number 11 or 53 points."", ""source"": ""chunk""}, {""chunk_index"": 9, ""note"": ""Q344983 (Babyface) has a 'member of sports team' relation to Q131499."", ""source"": ""chunk""}, {""chunk_index"": 9, ""note"": ""For Q131499, Q344983 scored 53 points (2012-2015)."", ""source"": ""chunk""}, {""chunk_index"": 9, ""note"": ""Chunk 9 does not explicitly list uniform number 11 for Q344983's membership in Q131499."", ""source"": ""chunk""}, {""chunk_index"": 10, ""note"": ""Q7408350 (Sam Wood) has sport number 11."", ""source"": ""chunk""}, {""chunk_index"": 10, ""note"": ""Q7408350's team memberships do not include Q131499."", ""source"": ""chunk""}, {""chunk_index"": 10, ""note"": ""Q163547 is the Republic of Ireland national football team."", ""source"": ""chunk""}, {""chunk_index"": 10, ""note"": ""Chunk 10 lists many FIFA rankings for Q163547 but no player uniform numbers or point scores."", ""source"": ""chunk""}, {""chunk_index"": 8, ""note"": ""Q922118 (Lima) has sport number 11."", ""source"": ""chunk""}, {""chunk_index"": 8, ""note"": ""Q922118 is a member of Q131499 (Republic of Ireland national football team)."", ""source"": ""chunk""}, {""chunk_index"": 8, ""note"": ""Q922118 scored 53 points for Q131499."", ""source"": ""chunk""}, {""chunk_index"": 27, ""note"": ""Q11869 is William Henry Harrison, a US President, not a member of Q131499."", ""source"": ""chunk""}, {""chunk_index"": 3, ""note"": ""Q201885 (Theofanis Gekas) has sport number 11."", ""source"": ""chunk""}, {""chunk_index"": 3, ""note"": ""Q201885's team memberships do not include Q131499."", ""source"": ""chunk""}, {""chunk_index"": 23, ""note"": ""Q48410 (Richard Gere) is listed in chunk 23 but with film/award relations, not sports team membership in Q131499."", ""source"": ""chunk""}, {""chunk_index"": 23, ""note"": ""Chunk 23 does not contain data for Q344983, Q922118, or Q11869 related to Q131499."", ""source"": ""chunk""}, {""chunk_index"": 4, ""note"": ""Q131499 is S.L. Benfica (per Chunk 4)."", ""source"": ""chunk""}, {""chunk_index"": 4, ""note"": ""Q922118 is a member of Q131499 (S.L. Benfica) with 53 points scored (Chunk 4)."", ""source"": ""chunk""}, {""chunk_index"": 4, ""note"": ""Q922118 has sport number 11 (Chunk 8)."", ""source"": ""chunk""}, {""chunk_index"": 5, ""note"": ""Q131499 is S.L. Benfica."", ""source"": ""chunk""}, {""chunk_index"": 5, ""note"": ""Q922118 is a member of Q131499 with 53 points scored."", ""source"": ""chunk""}, {""chunk_index"": 5, ""note"": ""Dean Saunders (Q545303) is a member of Q131499 with 5 points scored."", ""source"": ""chunk""}], ""visited_chunks"": [14, 2, 0, 1, 15, 9, 10, 19, 16, 17, 8, 20, 26, 27, 3, 23, 24, 4, 25, 18, 11, 6, 13, 22, 12, 7, 5, 21]}"
66f3c081821e116aacb2e9fa__original,66f3c081821e116aacb2e9fa__original,66f3c081821e116aacb2e9fa,66f3c081821e116aacb2e9fa__original,original,What future trends do these two reports mainly show?,D,D,D,D,Governments will pay more attention to the challenges of information security and privacy protection,The role of the library will change from the traditional physical publication storage and distribution to the intermediary and manager of electronic information,Increased public trust in government transparency and information,Electronic information distribution will become the mainstream of information dissemination in the future,cache,171829,875897,171829,10,,True,3,,True,3,strict,8,iterative,10,0.5,1.0,4,0,1536,1.0,60000,16000,faiss_ranked_ordering_document_order,10000,1000,10000,2000,Qwen/Qwen3.6-35B-A3B,"Given a multiple-choice question, retrieve chunks containing evidence, demonstrations, mappings, or facts needed to answer it.",1,8192,cuda,auto,0.2,4,8192,5,,True,cuda,bfloat16,31,miss,false,False,miss,True,85848.545,90735.001,0.0,3.064,4883.253,85848.545,0.0,34,447734,10865,0.0,31,31,False,0,False,,,,31,0,"[20, 21, 29, 15, 11, 18, 14, 26, 28, 10, 27, 19, 12, 30, 22, 17, 13, 6, 0, 16, 4, 5, 1, 7, 3, 2, 25, 8, 9, 23, 24]",31,16,31,31,31,31,31,False,False,False,answer_not_found,"[20, 21, 29, 15, 11, 18, 14, 26, 28, 10, 27, 19, 12, 30, 22, 17, 13, 6, 0, 16, 4, 5, 1, 7, 3, 2, 25, 8, 9, 23, 24]","[0, 5, 6, 8, 9, 10, 11, 14, 15, 17, 18, 20, 21, 23, 24, 26, 27, 28, 29, 30]",31,1,0,,D,"The provided documents extensively detail the shift from physical media (paper, microfiche) to electronic formats (CD-ROM, online access) for the dissemination of government information. Key findings across multiple chunks (e.g., Chunk 0, 6, 10, 17, 18, 27) highlight that libraries and users prefer electronic distribution for its ease of use, searchability, and timeliness. The reports explicitly state that electronic information distribution is becoming the mainstream trend, driven by space constraints and user demand. While the role of libraries is changing (Choice B), the primary future trend described regarding the *dissemination* itself is the dominance of electronic distribution. Choices A and C are not supported by the text.","{ ""answer"": ""D"", ""reason"": ""The provided documents extensively detail the shift from physical media (paper, microfiche) to electronic formats (CD-ROM, online access) for the dissemination of government information. Key findings across multiple chunks (e.g., Chunk 0, 6, 10, 17, 18, 27) highlight that libraries and users prefer electronic distribution for its ease of use, searchability, and timeliness. The reports explicitly state that electronic information distribution is becoming the mainstream trend, driven by space constraints and user demand. While the role of libraries is changing (Choice B), the primary future trend described regarding the *dissemination* itself is the dominance of electronic distribution. Choices A and C are not supported by the text."", ""needs_more_context"": false }",85,5031,20,64,0,0,64,0,20,0,"{""best_choice"": ""D"", ""best_choice_rationale"": ""The chunk provides granular usage data supporting the existing conclusion that electronic distribution is the active trend. No new evidence supports A, B, or C."", ""code_mappings"": [], ""memory"": ""[chunk 20] Chunk 20 contains survey appendices (C, D, E) regarding DOE technical information access. It details library practices for cataloging (using OCLC, online catalogs, CD-ROMs), promotion (online catalogs, instruction), and user difficulties...\n[chunk 21] Chunk 21 contains Appendices E, F, G, and H of a GPO/DOE Pilot Project evaluation. It details library feedback on ITIS, shared cataloging, and the ITIS Gateway. Key findings: Libraries face significant technical barriers (non-MARC format...\n[chunk 29] [chunk 29] Appendix N provides a detailed technology assessment of alternative media for full-text delivery of DOE reports. Key findings: 1. Current distribution is heavily paper/microfiche, but space constraints and physical bulk are ma...\n[chunk 15] [chunk 15] Chunk 15 details Component I survey results (shared cataloging, ITIS Gateway) and introduces Component II (Alternative Media for Full-Text Delivery). Key findings: Libraries face technical barriers with electronic cataloging (...\n[chunk 11] [chunk 11] Chunk 11 is the Table of Contents and the beginning of the 'Background' and 'Component I' sections of the GPO/DOE Pilot Project report. It outlines the structure of the report (Component I: Online Access, Component II: Alterna...\n[chunk 18] [chunk 18] Chunk 18 details Component II survey results on library preferences for alternative media. Key findings: Libraries prefer Compact Discs (CD-ROM) and Personal Computers (stand-alone or LAN) for accessing full-text information....\n[chunk 14] Chunk 14 provides detailed survey results for Component I (ITIS, Shared Cataloging, Gateway). It confirms libraries are using electronic databases (ITIS) and shared cataloging, but faces significant technical barriers (MARC format, uploa...\n[chunk 26] [chunk 26] Chunk 26 contains Appendix J letters from Oklahoma State Library, University of Minnesota, and West Virginia University, plus the start of Appendix K (Component II Questionnaire). Key findings: 1. Oklahoma State Library found...\n[chunk 28] [chunk 28] Appendix L details library usage and preferences for optical/compact disc technology and network services. Key findings: Libraries are setting up CD LANs and using CD-ROMs for indexes/catalogs. There is a strong preference for...\n[chunk 10] Chunk 10 contains directory listings and file contents for the 'Economic Bulletin Board' (Directory #14, #15, #98) and the Table of Contents/Executive Summary for the 'Electronic Publications in the Federal Depository Library Program Pil...\n[chunk 27] [chunk 27] Chunk 27 contains Appendix K (Questionnaire) and Appendix L (Open-Ended Comments) for Component II. It details library preferences for alternative media (CD-ROM, PC LANs preferred over microfiche/paper), technical capabilities...\n[chunk 30] [chunk 30] Chunk 30 contains Appendix N references, Appendix O (Acronyms), and Appendix P (Glossary). It defines terms like 'full text', 'optical disc', 'CD-ROM', and 'depository library'. It confirms the context of CD-ROM production for...\n[chunk 17] [chunk 17] Chunk 17 provides detailed survey data on library preferences and plans for electronic information dissemination. Key findings: 1. Libraries plan to significantly increase use of Compact Discs (CD-ROM) and downloading from rem...\n[chunk 6] [chunk 6] Chunk 6 details the 'Electronic Publications in the Federal Depository Library Program Pilot Project' plan. It outlines specific projects for CD-ROM distribution (Census, EPA TRI, Congressional Record) and online access (Econom...\n[chunk 0] Chunk 0 is the beginning of the 'Accessing the Economic Bulletin Board' report (March 1994). It provides background on the Federal Depository Library Program (FDLP), the shift from paper/microfiche to electronic formats, and the specific...\n[chunk 5] Chunk 5 contains Appendix C (Librarian Survey) and Appendix D (User Survey) for the Economic Bulletin Board (EBB) pilot project. Key findings: 1. Librarians used EBB primarily for reference (52 libraries) and updating statistics (31). 2....\n[chunk 8] Chunk 8 contains Appendix G of the 'Accessing the Economic Bulletin Board' report. It details the methodology for selecting test sites (random vs. discretionary) and provides a comprehensive file listing of the Economic Bulletin Board (E...\n[chunk 9] Chunk 9 is a continuation of Appendix G (file listing) for the Economic Bulletin Board. It lists specific electronic files for Regional Economic Statistics (BEA personal income/wages by state/county), Energy Statistics (DOE EIA tables),...\n[chunk 23] Chunk 23 contains Appendix I, which lists detailed usage statistics (charges, hours, values) for various libraries (Denver Public Library, Eastern Washington University, Emporia State University, GPO, LSU, Oklahoma Dept of Libraries, Ric...\n[chunk 24] Chunk 24 contains Appendix I usage statistics (charges, hours) for various libraries (Texas A&M, Colorado, Kentucky, Massachusetts, Minnesota, New Mexico, Tennessee, Utah State). It confirms ongoing online access and shared cataloging us..."", ""memory_updates"": [{""chunk_index"": 20, ""note"": ""Chunk 20 contains survey appendices (C, D, E) regarding DOE technical information access. It details library practices for cataloging (using OCLC, online catalogs, CD-ROMs), promotion (online catalogs, instruction), and user difficulties...""}, {""chunk_index"": 21, ""note"": ""Chunk 21 contains Appendices E, F, G, and H of a GPO/DOE Pilot Project evaluation. It details library feedback on ITIS, shared cataloging, and the ITIS Gateway. Key findings: Libraries face significant technical barriers (non-MARC format...""}, {""chunk_index"": 29, ""note"": ""[chunk 29] Appendix N provides a detailed technology assessment of alternative media for full-text delivery of DOE reports. Key findings: 1. Current distribution is heavily paper/microfiche, but space constraints and physical bulk are ma...""}, {""chunk_index"": 15, ""note"": ""[chunk 15] Chunk 15 details Component I survey results (shared cataloging, ITIS Gateway) and introduces Component II (Alternative Media for Full-Text Delivery). Key findings: Libraries face technical barriers with electronic cataloging (...""}, {""chunk_index"": 11, ""note"": ""[chunk 11] Chunk 11 is the Table of Contents and the beginning of the 'Background' and 'Component I' sections of the GPO/DOE Pilot Project report. It outlines the structure of the report (Component I: Online Access, Component II: Alterna...""}, {""chunk_index"": 18, ""note"": ""[chunk 18] Chunk 18 details Component II survey results on library preferences for alternative media. Key findings: Libraries prefer Compact Discs (CD-ROM) and Personal Computers (stand-alone or LAN) for accessing full-text information....""}, {""chunk_index"": 14, ""note"": ""Chunk 14 provides detailed survey results for Component I (ITIS, Shared Cataloging, Gateway). It confirms libraries are using electronic databases (ITIS) and shared cataloging, but faces significant technical barriers (MARC format, uploa...""}, {""chunk_index"": 26, ""note"": ""[chunk 26] Chunk 26 contains Appendix J letters from Oklahoma State Library, University of Minnesota, and West Virginia University, plus the start of Appendix K (Component II Questionnaire). Key findings: 1. Oklahoma State Library found...""}, {""chunk_index"": 28, ""note"": ""[chunk 28] Appendix L details library usage and preferences for optical/compact disc technology and network services. Key findings: Libraries are setting up CD LANs and using CD-ROMs for indexes/catalogs. There is a strong preference for...""}, {""chunk_index"": 10, ""note"": ""Chunk 10 contains directory listings and file contents for the 'Economic Bulletin Board' (Directory #14, #15, #98) and the Table of Contents/Executive Summary for the 'Electronic Publications in the Federal Depository Library Program Pil...""}, {""chunk_index"": 27, ""note"": ""[chunk 27] Chunk 27 contains Appendix K (Questionnaire) and Appendix L (Open-Ended Comments) for Component II. It details library preferences for alternative media (CD-ROM, PC LANs preferred over microfiche/paper), technical capabilities...""}, {""chunk_index"": 30, ""note"": ""[chunk 30] Chunk 30 contains Appendix N references, Appendix O (Acronyms), and Appendix P (Glossary). It defines terms like 'full text', 'optical disc', 'CD-ROM', and 'depository library'. It confirms the context of CD-ROM production for...""}, {""chunk_index"": 17, ""note"": ""[chunk 17] Chunk 17 provides detailed survey data on library preferences and plans for electronic information dissemination. Key findings: 1. Libraries plan to significantly increase use of Compact Discs (CD-ROM) and downloading from rem...""}, {""chunk_index"": 6, ""note"": ""[chunk 6] Chunk 6 details the 'Electronic Publications in the Federal Depository Library Program Pilot Project' plan. It outlines specific projects for CD-ROM distribution (Census, EPA TRI, Congressional Record) and online access (Econom...""}, {""chunk_index"": 0, ""note"": ""Chunk 0 is the beginning of the 'Accessing the Economic Bulletin Board' report (March 1994). It provides background on the Federal Depository Library Program (FDLP), the shift from paper/microfiche to electronic formats, and the specific...""}, {""chunk_index"": 5, ""note"": ""Chunk 5 contains Appendix C (Librarian Survey) and Appendix D (User Survey) for the Economic Bulletin Board (EBB) pilot project. Key findings: 1. Librarians used EBB primarily for reference (52 libraries) and updating statistics (31). 2....""}, {""chunk_index"": 8, ""note"": ""Chunk 8 contains Appendix G of the 'Accessing the Economic Bulletin Board' report. It details the methodology for selecting test sites (random vs. discretionary) and provides a comprehensive file listing of the Economic Bulletin Board (E...""}, {""chunk_index"": 9, ""note"": ""Chunk 9 is a continuation of Appendix G (file listing) for the Economic Bulletin Board. It lists specific electronic files for Regional Economic Statistics (BEA personal income/wages by state/county), Energy Statistics (DOE EIA tables),...""}, {""chunk_index"": 23, ""note"": ""Chunk 23 contains Appendix I, which lists detailed usage statistics (charges, hours, values) for various libraries (Denver Public Library, Eastern Washington University, Emporia State University, GPO, LSU, Oklahoma Dept of Libraries, Ric...""}, {""chunk_index"": 24, ""note"": ""Chunk 24 contains Appendix I usage statistics (charges, hours) for various libraries (Texas A&M, Colorado, Kentucky, Massachusetts, Minnesota, New Mexico, Tennessee, Utah State). It confirms ongoing online access and shared cataloging us...""}], ""open_questions"": [], ""parse_failures"": [], ""target_facts"": [{""chunk_index"": 15, ""note"": ""Libraries are interested in CD-ROM and online full-text as convenient and cost-saving methods."", ""source"": ""chunk""}, {""chunk_index"": 15, ""note"": ""Component I showed libraries' role evolving to manage electronic databases, but with significant technical hurdles."", ""source"": ""chunk""}, {""chunk_index"": 11, ""note"": ""The report evaluates two components: (1) online access to DOE services (ITIS) and (2) technological evaluation of electronic dissemination alternatives to microfiche."", ""source"": ""chunk""}, {""chunk_index"": 11, ""note"": ""Component I objectives include determining search/cataloging capabilities, sources for directing patrons to microfiche, and the usefulness of electronic cataloging."", ""source"": ""chunk""}, {""chunk_index"": 11, ""note"": ""Component II addresses the need for full-text dissemination in media other than microfiche due to space constraints and access difficulties with physical media."", ""source"": ""chunk""}, {""chunk_index"": 11, ""note"": ""The background states that while microfiche is inexpensive and space-efficient, the need for quicker/efficient access has prompted reassessment of electronic alternatives."", ""source"": ""chunk""}, {""chunk_index"": 18, ""note"": ""Libraries prefer Compact Discs (CD-ROM) and Personal Computers for accessing full-text DOE reports."", ""source"": ""chunk""}, {""chunk_index"": 18, ""note"": ""Microfiche and floppy disks are the least preferred media for full-text access."", ""source"": ""chunk""}, {""chunk_index"": 18, ""note"": ""Ease of use and user-friendly interfaces are critical concerns for electronic media adoption."", ""source"": ""chunk""}, {""chunk_index"": 18, ""note"": ""Online full-text access via fiber optics is identified as a future capability that will reduce physical distribution needs."", ""source"": ""chunk""}, {""chunk_index"": 18, ""note"": ""Current full-text CD-ROM dissemination is expensive compared to microfiche, but abstract CD-ROMs are a feasible short-term alternative."", ""source"": ""chunk""}, {""chunk_index"": 18, ""note"": ""The trend is a migration from physical media (microfiche/paper) to electronic media (CD-ROM/online) for information dissemination."", ""source"": ""chunk""}, {""chunk_index"": 14, ""note"": ""Libraries are using ITIS and shared cataloging, but face technical hurdles with MARC formats and uploading."", ""source"": ""chunk""}, {""chunk_index"": 14, ""note"": ""Libraries prefer magnetic tape or CD-ROM for shared cataloging records to facilitate integration with local systems."", ""source"": ""chunk""}, {""chunk_index"": 14, ""note"": ""The ITIS Gateway had low usage and mixed satisfaction, with many libraries preferring DIALOG."", ""source"": ""chunk""}, {""chunk_index"": 14, ""note"": ""No new evidence supports Choice A (security/privacy) or Choice C (public trust)."", ""source"": ""chunk""}, {""chunk_index"": 14, ""note"": ""Choice B (library role change) is supported by the need to manage electronic resources, but Choice D (electronic distribution mainstream) remains the broader trend indicated by the shift from microfiche to electronic/CD-ROM media in previous chunks."", ""source"": ""chunk""}, {""chunk_index"": 26, ""note"": ""Oklahoma State Library: Shared cataloging records increased DOE fiche usage for general and technical users; promoted ITIS online searches."", ""source"": ""chunk""}, {""chunk_index"": 26, ""note"": ""University of Minnesota: Merged DOE cataloging data into OPAC, dramatically increasing use of government documents and microfiche. Faced MARC format errors but succeeded with tape loading."", ""source"": ""chunk""}, {""chunk_index"": 26, ""note"": ""West Virginia University: Low usage of DOE microfiche/ERA/Database; users perceived other bibliographic resources as more important. Valued Energy Database indexing."", ""source"": ""chunk""}, {""chunk_index"": 26, ""note"": ""Appendix K (Component II) shows library preferences for alternative media: High preference for Compact Discs and Paper; low preference for Magnetic Tape and Optical Discs."", ""source"": ""chunk""}, {""chunk_index"": 26, ""note"": ""The trend supports the shift from physical storage (microfiche) to electronic management (cataloging data in OPAC) and alternative media (CD-ROM), reinforcing the library's evolving role."", ""source"": ""chunk""}, {""chunk_index"": 28, ""note"": ""Libraries prefer online systems/databases and remote internet access for full-text information dissemination."", ""source"": ""chunk""}, {""chunk_index"": 28, ""note"": ""CD-ROM and optical discs are being adopted for indexes and catalogs, with plans for LANs."", ""source"": ""chunk""}, {""chunk_index"": 28, ""note"": ""Cost, equipment, and software compatibility are significant barriers to electronic adoption."", ""source"": ""chunk""}, {""chunk_index"": 28, ""note"": ""Electronic storage requirements for full-text data are substantial (approx. 30.5 GB/year), indicating a shift in infrastructure needs."", ""source"": ""chunk""}, {""chunk_index"": 28, ""note"": ""Microfiche is still valued for archival quality and space efficiency, but electronic media is preferred for searchability and access."", ""source"": ""chunk""}, {""chunk_index"": 10, ""note"": ""The report evaluates electronic dissemination of DOE research results via ITIS and alternative media (CD-ROM) to microfiche."", ""source"": ""chunk""}, {""chunk_index"": 10, ""note"": ""Libraries prefer CD-ROM and online access for full-text information, citing ease of retrieval and searchability."", ""source"": ""chunk""}, {""chunk_index"": 10, ""note"": ""The role of libraries is shifting from physical storage (microfiche) to managing electronic databases and providing online access."", ""source"": ""chunk""}, {""chunk_index"": 10, ""note"": ""Electronic information distribution is becoming the mainstream trend, driven by space constraints and user demand for quicker access."", ""source"": ""chunk""}, {""chunk_index"": 10, ""note"": ""No evidence supports increased government attention to security/privacy (A) or increased public trust (C)."", ""source"": ""chunk""}, {""chunk_index"": 27, ""note"": ""Libraries prefer Compact Discs (CD-ROM) and Personal Computers (stand-alone or LAN) for accessing full-text information, citing ease of use and searchability."", ""source"": ""chunk""}, {""chunk_index"": 27, ""note"": ""Microfiche is still used but faces difficulties including poor quality, inadequate indexing, and inconvenience for patrons."", ""source"": ""chunk""}, {""chunk_index"": 27, ""note"": ""Libraries are investing in PC infrastructure and LANs to support electronic information access."", ""source"": ""chunk""}, {""chunk_index"": 27, ""note"": ""The trend is a shift from physical media (microfiche/paper) to electronic media (CD-ROM/online) for dissemination."", ""source"": ""chunk""}, {""chunk_index"": 27, ""note"": ""Libraries' role is evolving to manage electronic databases and provide online access rather than just physical storage."", ""source"": ""chunk""}, {""chunk_index"": 30, ""note"": ""Appendix P defines 'full text' as the complete text of a document, usually in electronic version."", ""source"": ""chunk""}, {""chunk_index"": 30, ""note"": ""Appendix P defines 'optical disc' and 'CD-ROM' as media for data storage and distribution."", ""source"": ""chunk""}, {""chunk_index"": 30, ""note"": ""Appendix N references indicate ongoing production of CD-ROMs for R&D abstracts and future full-text products."", ""source"": ""chunk""}, {""chunk_index"": 17, ""note"": ""Libraries plan to add CD-ROM usage at a higher rate than any other method in the next three years (44.28% of planners)."", ""source"": ""chunk""}, {""chunk_index"": 17, ""note"": ""CD-ROM is the most preferred medium for accessing full-text information (72.89% rated 'Very greatly' or 'Greatly' prefer)."", ""source"": ""chunk""}, {""chunk_index"": 17, ""note"": ""Microfiche and paper remain current dominant methods but are less preferred for future access compared to electronic options."", ""source"": ""chunk""}, {""chunk_index"": 17, ""note"": ""Libraries prefer stand-alone PCs and LANs for accessing full text."", ""source"": ""chunk""}, {""chunk_index"": 17, ""note"": ""Ease of retrieval and cost are the primary factors influencing media selection."", ""source"": ""chunk""}, {""chunk_index"": 17, ""note"": ""The data supports a trend where electronic information distribution (CD-ROM, online) becomes the mainstream method, displacing physical storage."", ""source"": ""chunk""}, {""chunk_index"": 6, ""note"": ""The report outlines a pilot project to distribute government publications in electronic formats (CD-ROM, online) to depository libraries."", ""source"": ""chunk""}, {""chunk_index"": 6, ""note"": ""Library associations strongly support access to government information in electronic format."", ""source"": ""chunk""}, {""chunk_index"": 6, ""note"": ""CD-ROM is identified as a cost-effective alternative to microfiche for publications like the Congressional Record and Census data."", ""source"": ""chunk""}, {""chunk_index"": 6, ""note"": ""Online access projects (e.g., DOE ITIS, Economic Bulletin Board) are proposed to provide more current data and enhanced search capabilities."", ""source"": ""chunk""}, {""chunk_index"": 6, ""note"": ""The trend is a shift from physical distribution (microfiche/paper) to electronic distribution (CD-ROM/online) for efficiency, cost savings, and improved access."", ""source"": ""chunk""}, {""chunk_index"": 6, ""note"": ""No evidence supports increased government attention to security/privacy (Choice A) or increased public trust (Choice C)."", ""source"": ""chunk""}, {""chunk_index"": 0, ""note"": ""The FDLP historically used paper, then microfiche (introduced 1977) to reduce costs."", ""source"": ""chunk""}, {""chunk_index"": 0, ""note"": ""Concerns existed about lack of public access to electronically-stored Federal Government information."", ""source"": ""chunk""}, {""chunk_index"": 0, ""note"": ""The JCP Ad Hoc Committee recommended testing the feasibility of electronic dissemination."", ""source"": ""chunk""}, {""chunk_index"": 0, ""note"": ""The EBB Pilot Project tested online dissemination of economic data to 100 libraries."", ""source"": ""chunk""}, {""chunk_index"": 0, ""note"": ""The report focuses on the EBB project, one of five pilot projects evaluating electronic dissemination."", ""source"": ""chunk""}, {""chunk_index"": 5, ""note"": ""Librarians used EBB mainly for reference and updating statistics, indicating a shift in information retrieval methods."", ""source"": ""chunk""}, {""chunk_index"": 5, ""note"": ""Users valued EBB for providing more current and previously unavailable information, supporting the trend of electronic distribution for timeliness."", ""source"": ""chunk""}, {""chunk_index"": 5, ""note"": ""Barriers to electronic adoption include usability, documentation, and staff expertise, but the overall trend favors electronic access."", ""source"": ""chunk""}, {""chunk_index"": 5, ""note"": ""The 1988 GPO plan explicitly aims to disseminate government publications in electronic formats (CD-ROM, Online) to depository libraries."", ""source"": ""chunk""}, {""chunk_index"": 8, ""note"": ""Chunk 8 details the selection process for test sites in the EBB pilot project, distinguishing between random selection and discretionary assignment based on library capabilities."", ""source"": ""chunk""}, {""chunk_index"": 8, ""note"": ""Chunk 8 provides a detailed directory listing of the Economic Bulletin Board, showing the availability of diverse economic data (GNP, CPI, Employment, Trade, etc.) in electronic formats."", ""source"": ""chunk""}, {""chunk_index"": 8, ""note"": ""The file listing confirms the shift towards providing comprehensive, searchable electronic data to libraries, supporting the trend of electronic information distribution becoming mainstream."", ""source"": ""chunk""}], ""visited_chunks"": [20, 21, 29, 15, 11, 18, 14, 26, 28, 10, 27, 19, 12, 30, 22, 17, 13, 6, 0, 16, 4, 5, 1, 7, 3, 2, 25, 8, 9, 23, 24]}"
6718a43fbb02136c067d3ca8__original,6718a43fbb02136c067d3ca8__original,6718a43fbb02136c067d3ca8,6718a43fbb02136c067d3ca8__original,original,Which of the following user was satisfied with the help of the assistant and the conversations was very pleasant?,B,B,B,B,The user who asked about painkillers.,The user who was looking for some new musicals to watch.,"The user who asked for comparing and contrasting New Statesman's coverage of Brexit, climate change, and social justice to other news sources.",The user who asked for standout performances on individual tracks of the album.,cache,104835,555289,104835,10,,True,3,,True,3,strict,8,iterative,10,0.5,1.0,4,0,1536,1.0,60000,16000,faiss_ranked_ordering_document_order,10000,1000,10000,2000,Qwen/Qwen3.6-35B-A3B,"Given a multiple-choice question, retrieve chunks containing evidence, demonstrations, mappings, or facts needed to answer it.",1,8192,cuda,auto,0.2,4,8192,5,,True,cuda,bfloat16,15,miss,false,False,miss,True,49561.642,52028.376,0.0,1.657,2464.991,49561.642,0.0,18,202539,6849,0.0,15,15,False,0,False,,,,15,0,"[0, 7, 1, 5, 3, 4, 2, 14, 6, 9, 11, 12, 8, 10, 13]",15,8,15,15,15,15,15,False,False,False,answer_not_found,"[0, 7, 1, 5, 3, 4, 2, 14, 6, 9, 11, 12, 8, 10, 13]","[0, 1, 2, 3, 4, 5, 6, 7, 9, 10, 11, 12, 13, 14]",15,1,0,,B,"The ledger explicitly states in target_facts for chunk 12 that the user asking for new musicals (Choice B) was enthusiastic, expressed satisfaction ('That sounds amazing!', 'Thanks for the recommendations!'), and the conversation tone was positive and pleasant. In contrast, chunk 9 indicates the user asking for album track performances (Choice D) was frustrated and called the assistant 'robotic'. The ledger marks the satisfaction of users in Choice A (painkillers, chunk 1) and Choice C (New Statesman, chunk 7) as open questions/unverified, whereas Choice B has direct evidence of satisfaction and a pleasant tone.","{ ""answer"": ""B"", ""reason"": ""The ledger explicitly states in target_facts for chunk 12 that the user asking for new musicals (Choice B) was enthusiastic, expressed satisfaction ('That sounds amazing!', 'Thanks for the recommendations!'), and the conversation tone was positive and pleasant. In contrast, chunk 9 indicates the user asking for album track performances (Choice D) was frustrated and called the assistant 'robotic'. The ledger marks the satisfaction of users in Choice A (painkillers, chunk 1) and Choice C (New Statesman, chunk 7) as open questions/unverified, whereas Choice B has direct evidence of satisfaction and a pleasant tone."", ""needs_more_context"": false }",74,3517,14,61,0,2,61,0,14,0,"{""best_choice"": ""B"", ""best_choice_rationale"": ""Choice B (musicals) was previously identified in Chunk 12 as having explicit satisfaction markers ('That sounds amazing!', 'Thanks for the recommendations!'). Chunk 13 discusses musicals but does not show a user interaction with satisfaction markers for that specific topic. Choices A, C, and D remain unverified for satisfaction in this chunk, and D was previously eliminated due to dissatisfaction. B remains the best supported choice."", ""code_mappings"": [], ""memory"": ""[chunk 0] Chunk 0 contains multiple conversation sessions. Session 1: User asks about Reaganomics; Assistant provides detailed economic analysis. Session 2: User asks about free mental health clinics; Assistant provides resources and tips for find...\n[chunk 7] Chunk 7 contains multiple conversation sessions. Session 1: User asks about sugar-free baking (stevia, banana bread) and baking tools (silicone mat, pastry brush); Assistant provides detailed tips. Session 2: User asks about locating a c...\n[chunk 1] Chunk 1 contains multiple conversation sessions. Session 1: User asks for website content outlines for Fitclass (trainer and attendee pages, CTAs, headlines, SEO tags). Session 2: User asks for social media content calendar tips for Twit...\n[chunk 5] Chunk 5 contains conversations on: 1) AI surveillance ethics (user expresses comfort with oversight measures); 2) Instagram content planning for a Hawaii vacation (user is enthusiastic, mentions gaining 25 followers, and is happy with ti...\n[chunk 3] Chunk 3 contains conversations on: 1) Ethiopian coffee ceremony (steps, snacks, calendar); 2) Digital product design curriculum (10hrs/week, 12 weeks); 3) Business Model Canvas (blog post, table); 4) Road trip planning to Yellowstone wit...\n[chunk 4] Chunk 4 contains a conversation about planning a road trip to Yellowstone in a Honda Civic, focusing on fuel efficiency, gas rewards (Shell), and car detailing. The user expresses satisfaction with their car service experience ('great ex...\n[chunk 2] Chunk 2 contains conversations about: 1) Researching new home developments (neighborhoods, schools, HOA fees, developers, smart home tech). 2) Anglican Church controversies (women's ordination, LGBTQ+, power structure). 3) Amharic langua...\n[chunk 14] Chunk 14 contains conversations on: 1) Airline miles/credit cards (Chase Sapphire vs Citi Premier); 2) James Bond box office revenue and Asian market performance; 3) Book recommendations for vivid descriptions/metaphors (The Night Circus...\n[chunk 6] Chunk 6 contains conversations on: 1) Car maintenance tips (gas mileage, oil, route planning) and car insurance discounts (user happy with $20 premium decrease); 2) Albatrosses eating plastic (user expresses sadness/frustration but agree...\n[chunk 9] Chunk 9 contains a conversation where a user asks for standout performances on individual tracks of an album. The user becomes frustrated with the assistant's lack of personal opinion, calling it 'robotic' and 'canned', and eventually en...\n[chunk 11] Chunk 11 contains a conversation about implementing a custom system call (`cp_range`) in Linux kernel 2.6.9. The user provides specific technical corrections regarding file paths (`arch/i386/kernel/entry.S` vs `arch/x86/kernel/syscall_ta...\n[chunk 12] Chunk 12 contains a conversation where a user asks for new musicals to watch. The user mentions watching 'Hamilton' twice and is enthusiastic ('humming the tunes', 'blown away'). The assistant provides recommendations like 'In the Height...\n[chunk 10] Chunk 10 contains conversations about personal finance/expense tracking (user is appreciative of tips), sustainable home building materials, solar panel ROI, water conservation/grey water systems, and a creative writing piece about time...\n[chunk 13] Chunk 13 contains conversations about: 1) Musical adaptations (The Devil Wears Prada) and resources for musical theatre news; 2) American Airlines in-flight entertainment, customer service, baggage policy, and insurance; 3) Education acc..."", ""memory_updates"": [{""chunk_index"": 0, ""note"": ""Chunk 0 contains multiple conversation sessions. Session 1: User asks about Reaganomics; Assistant provides detailed economic analysis. Session 2: User asks about free mental health clinics; Assistant provides resources and tips for find...""}, {""chunk_index"": 7, ""note"": ""Chunk 7 contains multiple conversation sessions. Session 1: User asks about sugar-free baking (stevia, banana bread) and baking tools (silicone mat, pastry brush); Assistant provides detailed tips. Session 2: User asks about locating a c...""}, {""chunk_index"": 1, ""note"": ""Chunk 1 contains multiple conversation sessions. Session 1: User asks for website content outlines for Fitclass (trainer and attendee pages, CTAs, headlines, SEO tags). Session 2: User asks for social media content calendar tips for Twit...""}, {""chunk_index"": 5, ""note"": ""Chunk 5 contains conversations on: 1) AI surveillance ethics (user expresses comfort with oversight measures); 2) Instagram content planning for a Hawaii vacation (user is enthusiastic, mentions gaining 25 followers, and is happy with ti...""}, {""chunk_index"": 3, ""note"": ""Chunk 3 contains conversations on: 1) Ethiopian coffee ceremony (steps, snacks, calendar); 2) Digital product design curriculum (10hrs/week, 12 weeks); 3) Business Model Canvas (blog post, table); 4) Road trip planning to Yellowstone wit...""}, {""chunk_index"": 4, ""note"": ""Chunk 4 contains a conversation about planning a road trip to Yellowstone in a Honda Civic, focusing on fuel efficiency, gas rewards (Shell), and car detailing. The user expresses satisfaction with their car service experience ('great ex...""}, {""chunk_index"": 2, ""note"": ""Chunk 2 contains conversations about: 1) Researching new home developments (neighborhoods, schools, HOA fees, developers, smart home tech). 2) Anglican Church controversies (women's ordination, LGBTQ+, power structure). 3) Amharic langua...""}, {""chunk_index"": 14, ""note"": ""Chunk 14 contains conversations on: 1) Airline miles/credit cards (Chase Sapphire vs Citi Premier); 2) James Bond box office revenue and Asian market performance; 3) Book recommendations for vivid descriptions/metaphors (The Night Circus...""}, {""chunk_index"": 6, ""note"": ""Chunk 6 contains conversations on: 1) Car maintenance tips (gas mileage, oil, route planning) and car insurance discounts (user happy with $20 premium decrease); 2) Albatrosses eating plastic (user expresses sadness/frustration but agree...""}, {""chunk_index"": 9, ""note"": ""Chunk 9 contains a conversation where a user asks for standout performances on individual tracks of an album. The user becomes frustrated with the assistant's lack of personal opinion, calling it 'robotic' and 'canned', and eventually en...""}, {""chunk_index"": 11, ""note"": ""Chunk 11 contains a conversation about implementing a custom system call (`cp_range`) in Linux kernel 2.6.9. The user provides specific technical corrections regarding file paths (`arch/i386/kernel/entry.S` vs `arch/x86/kernel/syscall_ta...""}, {""chunk_index"": 12, ""note"": ""Chunk 12 contains a conversation where a user asks for new musicals to watch. The user mentions watching 'Hamilton' twice and is enthusiastic ('humming the tunes', 'blown away'). The assistant provides recommendations like 'In the Height...""}, {""chunk_index"": 10, ""note"": ""Chunk 10 contains conversations about personal finance/expense tracking (user is appreciative of tips), sustainable home building materials, solar panel ROI, water conservation/grey water systems, and a creative writing piece about time...""}, {""chunk_index"": 13, ""note"": ""Chunk 13 contains conversations about: 1) Musical adaptations (The Devil Wears Prada) and resources for musical theatre news; 2) American Airlines in-flight entertainment, customer service, baggage policy, and insurance; 3) Education acc...""}], ""open_questions"": [""Was the user in Chunk 1 (Choice A, painkillers) satisfied and was the conversation pleasant?"", ""Was the user in Chunk 7 (Choice C, New Statesman) satisfied and was the conversation pleasant?""], ""parse_failures"": [], ""target_facts"": [{""chunk_index"": null, ""note"": ""Answer choices: A=The user who asked about painkillers.; B=The user who was looking for some new musicals to watch.; C=The user who asked for comparing and contrasting New Statesman's coverage of...; D=The user who asked for standout performances on individual tracks of the album."", ""source"": ""query""}, {""chunk_index"": null, ""note"": ""Target question: Which of the following user was satisfied with the help of the assistant and the conversations was very pleasant?"", ""source"": ""query""}, {""chunk_index"": 0, ""note"": ""Session 1 involves a user asking about Reaganomics and economic policies."", ""source"": ""chunk""}, {""chunk_index"": 0, ""note"": ""Session 2 involves a user asking about free mental health clinics and therapy options."", ""source"": ""chunk""}, {""chunk_index"": 0, ""note"": ""Session 3 involves a user asking about gaming mice (Razer vs Logitech) and the game Cyberpunk 2077."", ""source"": ""chunk""}, {""chunk_index"": 0, ""note"": ""Session 4 involves a user asking for website content outlines for a fitness platform called Fitclass."", ""source"": ""chunk""}, {""chunk_index"": 0, ""note"": ""Session 5 involves a user asking for social media content calendar tips."", ""source"": ""chunk""}, {""chunk_index"": 7, ""note"": ""Session 3 involves a user asking for comparing and contrasting New Statesman's coverage of Brexit, climate change, and social justice to other news sources."", ""source"": ""chunk""}, {""chunk_index"": 7, ""note"": ""Session 3 user asks for recommendations for balanced, conservative, progressive, and diverse news sources, and podcasts on UK politics."", ""source"": ""chunk""}, {""chunk_index"": 7, ""note"": ""Session 1 involves a user asking about sugar-free baking and baking tools."", ""source"": ""chunk""}, {""chunk_index"": 7, ""note"": ""Session 4 involves a user asking about collecting vintage watches, cameras, books, Pokemon cards, coins, and sneakers."", ""source"": ""chunk""}, {""chunk_index"": 7, ""note"": ""Session 5 involves a user asking for DIY and personal finance resources."", ""source"": ""chunk""}, {""chunk_index"": 1, ""note"": ""Session 1 involves a user asking for website content outlines for Fitclass."", ""source"": ""chunk""}, {""chunk_index"": 1, ""note"": ""Session 2 involves a user asking for social media content calendar tips for Twitter."", ""source"": ""chunk""}, {""chunk_index"": 1, ""note"": ""Session 3 involves a user asking about painkillers and chronic pain management."", ""source"": ""chunk""}, {""chunk_index"": 1, ""note"": ""Session 4 involves a user asking about finding information on a new home development neighborhood and HOA."", ""source"": ""chunk""}, {""chunk_index"": 5, ""note"": ""Chunk 5 contains a conversation about AI surveillance where the user finds oversight measures 'comforting'."", ""source"": ""chunk""}, {""chunk_index"": 5, ""note"": ""Chunk 5 contains a conversation about Instagram content where the user is enthusiastic about their Hawaii post success and the assistant's tips."", ""source"": ""chunk""}, {""chunk_index"": 5, ""note"": ""Chunk 5 contains a conversation about car detailing where the user is appreciative of advice."", ""source"": ""chunk""}, {""chunk_index"": 5, ""note"": ""Chunk 5 contains a conversation about albatrosses eating plastic."", ""source"": ""chunk""}, {""chunk_index"": 3, ""note"": ""Conversation about Ethiopian coffee ceremony, calendar, and snacks."", ""source"": ""chunk""}, {""chunk_index"": 3, ""note"": ""Conversation about recreating a digital product design curriculum for 10 hours/week over 3 months."", ""source"": ""chunk""}, {""chunk_index"": 3, ""note"": ""Conversation about the Business Model Canvas, including writing a blog post and displaying it as a table."", ""source"": ""chunk""}, {""chunk_index"": 3, ""note"": ""Conversation about planning a road trip to Yellowstone in a Honda Civic, optimizing GPS, fuel efficiency, gas rewards, and car detailing."", ""source"": ""chunk""}, {""chunk_index"": 4, ""note"": ""Chunk 4 contains a conversation about a road trip to Yellowstone, fuel efficiency, and car detailing."", ""source"": ""chunk""}, {""chunk_index"": 4, ""note"": ""Chunk 4 contains a conversation about the London Underground's government investment and sustainability."", ""source"": ""chunk""}, {""chunk_index"": 4, ""note"": ""Chunk 4 contains a conversation about the NSW HIA Lump Sum contract clauses."", ""source"": ""chunk""}, {""chunk_index"": 4, ""note"": ""Chunk 4 contains a conversation about AI surveillance ethics where the user finds oversight 'comforting'."", ""source"": ""chunk""}, {""chunk_index"": 2, ""note"": ""Conversation about researching new home developments, including neighborhoods, schools, HOA fees, and developers."", ""source"": ""chunk""}, {""chunk_index"": 2, ""note"": ""Conversation about Anglican Church controversies regarding power structure, women's ordination, and LGBTQ+ issues."", ""source"": ""chunk""}, {""chunk_index"": 2, ""note"": ""Conversation about Amharic language script, grammar, and learning resources."", ""source"": ""chunk""}, {""chunk_index"": 2, ""note"": ""Conversation about Ethiopian coffee culture, including the ceremony steps, snacks (injera, kolo), and the Ethiopian calendar."", ""source"": ""chunk""}, {""chunk_index"": 14, ""note"": ""Conversation about airline miles and credit cards (Chase Sapphire vs Citi Premier)."", ""source"": ""chunk""}, {""chunk_index"": 14, ""note"": ""Conversation about James Bond box office revenue, specifically Skyfall's performance in China and other Asian markets."", ""source"": ""chunk""}, {""chunk_index"": 14, ""note"": ""Conversation about book recommendations for vivid descriptions/metaphors (The Night Circus) and writing routines (Morning Pages, consistency, blogging)."", ""source"": ""chunk""}, {""chunk_index"": 14, ""note"": ""Conversation about book recommendations on African American art and culture."", ""source"": ""chunk""}, {""chunk_index"": 14, ""note"": ""Conversation about creating/marketing online courses, engagement, design, and gamification."", ""source"": ""chunk""}, {""chunk_index"": 14, ""note"": ""Conversation about Operation Barbarossa and Pearl Harbor historical summaries."", ""source"": ""chunk""}, {""chunk_index"": 6, ""note"": ""User asks about car insurance and is happy with premium decrease."", ""source"": ""chunk""}, {""chunk_index"": 6, ""note"": ""User discusses albatrosses eating plastic and agrees on collective action."", ""source"": ""chunk""}, {""chunk_index"": 6, ""note"": ""User asks about prioritizing tasks and Eisenhower Matrix."", ""source"": ""chunk""}, {""chunk_index"": 6, ""note"": ""User asks about sugar-free baking and baking tools."", ""source"": ""chunk""}, {""chunk_index"": 9, ""note"": ""User in Chunk 9 asked for standout performances on individual tracks of an album."", ""source"": ""chunk""}, {""chunk_index"": 9, ""note"": ""User in Chunk 9 expressed dissatisfaction, calling the assistant 'robotic' and 'canned', and ended the conversation abruptly."", ""source"": ""chunk""}, {""chunk_index"": 9, ""note"": ""User in Chunk 9 is associated with Choice D."", ""source"": ""chunk""}, {""chunk_index"": 11, ""note"": ""Chunk 11 contains a technical conversation about Linux kernel 2.6.9 system call implementation."", ""source"": ""chunk""}, {""chunk_index"": 11, ""note"": ""The user in Chunk 11 corrects the assistant's previous technical advice regarding syscall table locations and header files."", ""source"": ""chunk""}, {""chunk_index"": 11, ""note"": ""The assistant in Chunk 11 accepts the correction and provides a revised code solution."", ""source"": ""chunk""}, {""chunk_index"": 11, ""note"": ""None of the topics in Chunk 11 (Linux kernel, system calls) match the specific topics in choices A (painkillers), B (musicals), C (New Statesman/Brexit), or D (album tracks)."", ""source"": ""chunk""}, {""chunk_index"": 12, ""note"": ""Chunk 12 contains a conversation about musicals (Choice B)."", ""source"": ""chunk""}, {""chunk_index"": 12, ""note"": ""The user in Chunk 12 is enthusiastic about musicals, having watched Hamilton twice."", ""source"": ""chunk""}, {""chunk_index"": 12, ""note"": ""The user expresses satisfaction with the assistant's recommendations ('That sounds amazing!', 'Thanks for the recommendations!')."", ""source"": ""chunk""}, {""chunk_index"": 12, ""note"": ""The conversation tone is positive and pleasant."", ""source"": ""chunk""}, {""chunk_index"": 10, ""note"": ""Conversation about expense tracking: User is appreciative ('That's really helpful! ... Thanks for the tips!')."", ""source"": ""chunk""}, {""chunk_index"": 10, ""note"": ""Conversation about sustainable home building, solar panels, and grey water systems."", ""source"": ""chunk""}, {""chunk_index"": 10, ""note"": ""Creative writing conversation about time travel and empathy."", ""source"": ""chunk""}, {""chunk_index"": 13, ""note"": ""Conversation about musical adaptations (The Devil Wears Prada) and theatre news resources."", ""source"": ""chunk""}, {""chunk_index"": 13, ""note"": ""Conversation about American Airlines in-flight entertainment, customer service, and baggage policies."", ""source"": ""chunk""}, {""chunk_index"": 13, ""note"": ""Conversation about education access and literacy rates in Lesotho."", ""source"": ""chunk""}, {""chunk_index"": 13, ""note"": ""Conversation about European airlines and frequent flyer miles (Emirates/Turkish Airlines)."", ""source"": ""chunk""}, {""chunk_index"": 13, ""note"": ""Conversation about James Bond box office performance (Skyfall)."", ""source"": ""chunk""}], ""visited_chunks"": [0, 7, 1, 5, 3, 4, 2, 14, 6, 9, 11, 12, 8, 10, 13]}"
