{
  "run_dir": "benchmark_artifacts/official_ruler_v2/20260413T145426Z",
  "scored_samples": 36,
  "overall_accuracy": 0.6597222222222222,
  "by_task_length": {
    "mk_niah_basic|32768": {
      "samples": 6,
      "accuracy": 0.8333333333333334
    },
    "mk_niah_basic|8192": {
      "samples": 6,
      "accuracy": 0.8333333333333334
    },
    "mv_niah_basic|32768": {
      "samples": 6,
      "accuracy": 0.625
    },
    "mv_niah_basic|8192": {
      "samples": 6,
      "accuracy": 0.6666666666666666
    },
    "qa_basic|32768": {
      "samples": 6,
      "accuracy": 0.8333333333333334
    },
    "qa_basic|8192": {
      "samples": 6,
      "accuracy": 0.16666666666666666
    }
  }
}