id,sample_id,source_id,case_id,row_type,question,generation,prediction,answer,expected_answer,choice_A,choice_B,choice_C,choice_D,mode,token_count,context_chars,context_token_estimate,top_k,top_k_effective,iterative_top_k_ignored,rerank_top,rerank_top_effective,iterative_rerank_top_ignored,synthesis_max_chunks,mcq_prompt_style,mcq_synthesis_max_tokens,search_mode,iterative_reader_version,scan_min_chunk_ratio,scan_max_chunk_ratio,scan_min_chunks,scan_max_chunks,scan_max_tokens,scan_empty_ledger_fallback_ratio,iterative_packed_fallback_input_token_budget,iterative_memory_max_chars,scan_order,doc_chunk_size,doc_chunk_overlap,doc_chunk_tokens,doc_chunk_overlap_tokens,doc_chunk_tokenizer_model,embedding_query_instruction,embedding_batch_size,embedding_max_length,reranker_relevance_threshold,reranker_batch_size,reranker_max_length,min_reranked_results,synthesis_input_token_budget,reranker_disabled,ingested_chunks,expected_cache_type,expected_from_cache,from_cache,cache_type,answer_correct,latency_ms,row_wall_ms,cache_load_ms,context_write_ms,ingest_ms,search_ms,save_ms,delta_calls,delta_input_tokens,delta_output_tokens,delta_cost_usd,faiss_candidate_count,candidate_text_count,reranker_enabled,reranker_returned_count,reranker_fallback_used,synthesis_source_truncated,synthesis_estimated_input_tokens_before,synthesis_estimated_input_tokens_after,synthesis_packed_chunk_count,synthesis_dropped_chunk_count,synthesis_selected_chunk_indices,iterative_scan_total_chunks,iterative_scan_early_stop_min_chunks,iterative_scan_budget,iterative_scan_empty_ledger_fallback_budget,iterative_scan_visited_chunk_count,iterative_scan_faiss_top_n,iterative_scan_faiss_result_count,iterative_scan_empty_ledger_fallback_used,iterative_scan_packed_fallback_used,iterative_scan_early_stop,iterative_scan_stop_reason,iterative_scan_selected_chunk_indices,iterative_scan_supporting_chunk_indices,iterative_scan_inspector_call_count,iterative_scan_final_adjudication_call_count,iterative_scan_packed_fallback_call_count,iterative_scan_packed_fallback_reason,iterative_scan_final_answer,iterative_scan_final_reason,iterative_scan_final_raw_response,iterative_scan_useful_memory_count,iterative_scan_memory_char_count,iterative_scan_memory_update_count,iterative_scan_target_fact_count,iterative_scan_code_mapping_count,iterative_scan_open_question_count,iterative_scan_observation_count,iterative_scan_rule_count,iterative_scan_example_count,iterative_scan_parse_failure_count,iterative_scan_evidence_ledger
6723a1ccbb02136c067d70b3__original,6723a1ccbb02136c067d70b3__original,6723a1ccbb02136c067d70b3,6723a1ccbb02136c067d70b3__original,original,"Narrives: 1. The narrator recalls a moment of crisis when their siblings found their stepfather's severed finger on the front lawn after a lawn mower accident, marking the only time they expressed joy.
2. The protagonist is falsely accused of a probation violation for supposedly driving by Kaden's daycare after being released from jail, despite not having access to a car.
3. The judge offers the woman a choice between staying on probation until her restitution is fully paid or paying through a county collection agency, which would negatively impact her credit.
4. Mama Love is bailed out of jail, causing excitement among her family as they gather her belongings and prepare to leave, but she realizes she can't return home due to the conditions of her bail.
Query: Considering the given book and narratives, Which order of the narratives in the following options is correct?",D,D,D,D,1432,4123,2431,1423,cache,124821,522256,124821,10,,True,3,,True,3,strict,8,iterative,9,0.5,1.0,4,0,1536,1.0,60000,16000,faiss_ranked_ordering_document_order,10000,1000,10000,2000,Qwen/Qwen3.6-35B-A3B,"Given a multiple-choice question, retrieve chunks containing evidence, demonstrations, mappings, or facts needed to answer it.",8,8192,0.2,4,8192,5,,True,19,miss,false,False,miss,True,60471.85,394039.911,0.034,1.294,333566.645,60471.85,0.0,22,267983,8030,0.0,19,19,False,0,False,,,,19,0,"[0, 1, 2, 3, 4, 5, 6, 7, 8, 9, 10, 11, 12, 13, 14, 15, 16, 17, 18]",19,10,19,19,19,19,19,False,False,False,answer_not_found,"[0, 1, 2, 3, 4, 5, 6, 7, 8, 9, 10, 11, 12, 13, 14, 15, 16, 17, 18]","[0, 1, 2, 3, 4, 5, 6, 7, 8, 9, 10, 11, 12, 13, 14, 15, 16, 17, 18]",19,1,0,,D,"Based on the provided ledger, the chronological order of the narratives is established by their occurrence in specific chapters: Narrative 1 (stepfather's severed finger) occurs in Chapter 1; Narrative 4 (Mama Love's bail) occurs in Chapter 10/11; Narrative 2 (false probation violation accusation) occurs in Chapter 14/15; and Narrative 3 (judge's choice regarding restitution/credit) occurs in Chapter 20. Therefore, the correct sequence is 1, 4, 2, 3.","{ ""answer"": ""D"", ""reason"": ""Based on the provided ledger, the chronological order of the narratives is established by their occurrence in specific chapters: Narrative 1 (stepfather's severed finger) occurs in Chapter 1; Narrative 4 (Mama Love's bail) occurs in Chapter 10/11; Narrative 2 (false probation violation accusation) occurs in Chapter 14/15; and Narrative 3 (judge's choice regarding restitution/credit) occurs in Chapter 20. Therefore, the correct sequence is 1, 4, 2, 3."", ""needs_more_context"": false }",84,4775,19,64,0,0,64,0,19,0,"{""best_choice"": ""D"", ""best_choice_rationale"": ""The chronological order of the narratives is: 1 (Chapter 1), 4 (Chapter 10/11), 2 (Chapter 14/15), and 3 (Chapter 20). This corresponds to the sequence 1-4-2-3, which matches option D."", ""code_mappings"": [], ""memory"": ""[chunk 0] Chunk 0 provides the text of the book 'As Needed for Pain'. It confirms Narrative 1 (stepfather's severed finger found on lawn, siblings expressed joy) occurs in Chapter 1. It confirms Narrative 2 (falsely accused of probation violation...\n[chunk 1] [chunk 1] Narrative 4 (Mama Love bail) occurs in Chapter 4. The protagonist is arrested in Chapter 3, taken to jail, and informed of the $250,000 bail. Narrative 1 (stepfather's finger) is in Chapter 1. Narrative 2 (probation violation a...\n[chunk 2] [chunk 2] Narrative 4 (Mama Love bail) is confirmed in Chapter 3/4 (arrest, bail set at $250k, family gathering). Narrative 1 (stepfather's finger) is in Chapter 1. Narrative 2 (probation violation accusation) and Narrative 3 (judge's ch...\n[chunk 3] [chunk 3] Narrative 4 (Mama Love bail) is confirmed to have occurred prior to this chunk, as the protagonist is already in jail (G block) and facing court. Narrative 1 (stepfather's finger) is in Chapter 1. Narrative 2 (probation violati...\n[chunk 4] [chunk 4] Narrative 1 (stepfather's finger) is in Chapter 1. Narrative 4 (Mama Love bail) is in Chapter 3/4. Narrative 2 (probation violation accusation) and Narrative 3 (judge's choice) are not in this chunk. This chunk covers Chapter 7...\n[chunk 5] [chunk 5] Narrative 1 (stepfather's finger) is in Chapter 1. Narrative 4 (Mama Love bail) is in Chapter 3/4. Narrative 2 (probation violation accusation) and Narrative 3 (judge's choice) are not in this chunk. This chunk covers Chapter 7...\n[chunk 6] [chunk 6] Narrative 4 (Mama Love bail) is confirmed in Chapter 10. The protagonist is bailed out by DJ's mother. Narrative 1 (stepfather's finger) is in Chapter 1. Narrative 2 (probation violation accusation) and Narrative 3 (judge's cho...\n[chunk 7] [chunk 7] Narrative 4 (Mama Love bail) is confirmed in Chapter 10/11 transition. The protagonist is bailed out by DJ's mother. Narrative 1 (stepfather's finger) is in Chapter 1. Narrative 2 (probation violation accusation) and Narrative...\n[chunk 8] [chunk 8] Narrative 1 (stepfather's finger) is in Chapter 1. Narrative 4 (Mama Love bail) is in Chapter 10/11. Narrative 2 (probation violation accusation) and Narrative 3 (judge's choice) are not in this chunk. This chunk covers the per...\n[chunk 9] [chunk 9] Narrative 1 (stepfather's finger) is in Chapter 1. Narrative 4 (Mama Love bail) is in Chapter 10/11. Narrative 2 (probation violation accusation) and Narrative 3 (judge's choice) are not in this chunk. This chunk covers Chapter...\n[chunk 10] [chunk 10] Narrative 1 (stepfather's finger) is in Chapter 1. Narrative 4 (Mama Love bail) is in Chapter 10/11. Narrative 2 (probation violation accusation) and Narrative 3 (judge's choice) are not in this chunk. This chunk covers Chapte...\n[chunk 11] [chunk 11] Narrative 2 (falsely accused of probation violation for driving by Kaden's daycare) occurs immediately after release in Chapter 14 (August 2009). Narrative 3 (judge's choice regarding restitution/credit) is not present in this...\n[chunk 12] [chunk 12] Narrative 2 (false probation violation accusation) is confirmed in Chapter 14/15 context (fear of calls, DJ's relapse). Narrative 3 (judge's choice regarding restitution/credit) is NOT in this chunk. The chunk details the prot...\n[chunk 13] [chunk 13] Narrative 2 (false probation violation accusation) is confirmed in the context of Chapter 14/15 (DJ's early graduation, restitution issues). Narrative 3 (judge's choice regarding restitution/credit) is NOT found in this chunk....\n[chunk 14] [chunk 14] Narrative 3 (judge's restitution/credit choice) is NOT found in this chunk (Chapter 17). The chunk details the protagonist's new job at Idea Architects, working on 'The Book of Forgiving' with Archbishop Tutu, and volunteering...\n[chunk 15] [chunk 15] Narrative 1 (stepfather's finger) is in Chapter 1. Narrative 4 (Mama Love bail) is in Chapter 10/11. Narrative 2 (probation violation accusation) is in Chapter 14/15. Narrative 3 (judge's restitution/credit choice) is still no...\n[chunk 16] [chunk 16] Narrative 3 (judge's restitution/credit choice) is confirmed in Chapter 20. The judge offers the choice between staying on probation until restitution is paid or paying through a county collection agency (ruining credit). This...\n[chunk 17] [chunk 17] This chunk covers Chapters 21 and 22. It details the protagonist's success with Ray Hinton's book 'The Sun Does Shine' (Oprah pick, TEDx talk), her personal growth, buying a home, and her son Kaden's anxiety. It does not conta...\n[chunk 18] Chunk 18 contains the end of Chapter 22, acknowledgments, and author bio. It confirms the protagonist's post-incarceration success (TEDx talk, co-CEO, new agency) and family life. It does not contain information about the chronological o..."", ""memory_updates"": [{""chunk_index"": 0, ""note"": ""Chunk 0 provides the text of the book 'As Needed for Pain'. It confirms Narrative 1 (stepfather's severed finger found on lawn, siblings expressed joy) occurs in Chapter 1. It confirms Narrative 2 (falsely accused of probation violation...""}, {""chunk_index"": 1, ""note"": ""[chunk 1] Narrative 4 (Mama Love bail) occurs in Chapter 4. The protagonist is arrested in Chapter 3, taken to jail, and informed of the $250,000 bail. Narrative 1 (stepfather's finger) is in Chapter 1. Narrative 2 (probation violation a...""}, {""chunk_index"": 2, ""note"": ""[chunk 2] Narrative 4 (Mama Love bail) is confirmed in Chapter 3/4 (arrest, bail set at $250k, family gathering). Narrative 1 (stepfather's finger) is in Chapter 1. Narrative 2 (probation violation accusation) and Narrative 3 (judge's ch...""}, {""chunk_index"": 3, ""note"": ""[chunk 3] Narrative 4 (Mama Love bail) is confirmed to have occurred prior to this chunk, as the protagonist is already in jail (G block) and facing court. Narrative 1 (stepfather's finger) is in Chapter 1. Narrative 2 (probation violati...""}, {""chunk_index"": 4, ""note"": ""[chunk 4] Narrative 1 (stepfather's finger) is in Chapter 1. Narrative 4 (Mama Love bail) is in Chapter 3/4. Narrative 2 (probation violation accusation) and Narrative 3 (judge's choice) are not in this chunk. This chunk covers Chapter 7...""}, {""chunk_index"": 5, ""note"": ""[chunk 5] Narrative 1 (stepfather's finger) is in Chapter 1. Narrative 4 (Mama Love bail) is in Chapter 3/4. Narrative 2 (probation violation accusation) and Narrative 3 (judge's choice) are not in this chunk. This chunk covers Chapter 7...""}, {""chunk_index"": 6, ""note"": ""[chunk 6] Narrative 4 (Mama Love bail) is confirmed in Chapter 10. The protagonist is bailed out by DJ's mother. Narrative 1 (stepfather's finger) is in Chapter 1. Narrative 2 (probation violation accusation) and Narrative 3 (judge's cho...""}, {""chunk_index"": 7, ""note"": ""[chunk 7] Narrative 4 (Mama Love bail) is confirmed in Chapter 10/11 transition. The protagonist is bailed out by DJ's mother. Narrative 1 (stepfather's finger) is in Chapter 1. Narrative 2 (probation violation accusation) and Narrative...""}, {""chunk_index"": 8, ""note"": ""[chunk 8] Narrative 1 (stepfather's finger) is in Chapter 1. Narrative 4 (Mama Love bail) is in Chapter 10/11. Narrative 2 (probation violation accusation) and Narrative 3 (judge's choice) are not in this chunk. This chunk covers the per...""}, {""chunk_index"": 9, ""note"": ""[chunk 9] Narrative 1 (stepfather's finger) is in Chapter 1. Narrative 4 (Mama Love bail) is in Chapter 10/11. Narrative 2 (probation violation accusation) and Narrative 3 (judge's choice) are not in this chunk. This chunk covers Chapter...""}, {""chunk_index"": 10, ""note"": ""[chunk 10] Narrative 1 (stepfather's finger) is in Chapter 1. Narrative 4 (Mama Love bail) is in Chapter 10/11. Narrative 2 (probation violation accusation) and Narrative 3 (judge's choice) are not in this chunk. This chunk covers Chapte...""}, {""chunk_index"": 11, ""note"": ""[chunk 11] Narrative 2 (falsely accused of probation violation for driving by Kaden's daycare) occurs immediately after release in Chapter 14 (August 2009). Narrative 3 (judge's choice regarding restitution/credit) is not present in this...""}, {""chunk_index"": 12, ""note"": ""[chunk 12] Narrative 2 (false probation violation accusation) is confirmed in Chapter 14/15 context (fear of calls, DJ's relapse). Narrative 3 (judge's choice regarding restitution/credit) is NOT in this chunk. The chunk details the prot...""}, {""chunk_index"": 13, ""note"": ""[chunk 13] Narrative 2 (false probation violation accusation) is confirmed in the context of Chapter 14/15 (DJ's early graduation, restitution issues). Narrative 3 (judge's choice regarding restitution/credit) is NOT found in this chunk....""}, {""chunk_index"": 14, ""note"": ""[chunk 14] Narrative 3 (judge's restitution/credit choice) is NOT found in this chunk (Chapter 17). The chunk details the protagonist's new job at Idea Architects, working on 'The Book of Forgiving' with Archbishop Tutu, and volunteering...""}, {""chunk_index"": 15, ""note"": ""[chunk 15] Narrative 1 (stepfather's finger) is in Chapter 1. Narrative 4 (Mama Love bail) is in Chapter 10/11. Narrative 2 (probation violation accusation) is in Chapter 14/15. Narrative 3 (judge's restitution/credit choice) is still no...""}, {""chunk_index"": 16, ""note"": ""[chunk 16] Narrative 3 (judge's restitution/credit choice) is confirmed in Chapter 20. The judge offers the choice between staying on probation until restitution is paid or paying through a county collection agency (ruining credit). This...""}, {""chunk_index"": 17, ""note"": ""[chunk 17] This chunk covers Chapters 21 and 22. It details the protagonist's success with Ray Hinton's book 'The Sun Does Shine' (Oprah pick, TEDx talk), her personal growth, buying a home, and her son Kaden's anxiety. It does not conta...""}, {""chunk_index"": 18, ""note"": ""Chunk 18 contains the end of Chapter 22, acknowledgments, and author bio. It confirms the protagonist's post-incarceration success (TEDx talk, co-CEO, new agency) and family life. It does not contain information about the chronological o...""}], ""open_questions"": [], ""parse_failures"": [], ""target_facts"": [{""chunk_index"": 1, ""note"": ""Narrative 4 (Mama Love bail) is in Chapter 4, following the arrest in Chapter 3."", ""source"": ""chunk""}, {""chunk_index"": 1, ""note"": ""Narrative 2 (probation violation) and Narrative 3 (judge's choice) are not present in Chunk 1."", ""source"": ""chunk""}, {""chunk_index"": 2, ""note"": ""Narrative 1 (stepfather's finger) is in Chapter 1."", ""source"": ""chunk""}, {""chunk_index"": 2, ""note"": ""Narrative 4 (Mama Love bail) is in Chapter 3/4."", ""source"": ""chunk""}, {""chunk_index"": 2, ""note"": ""Narrative 2 (probation violation) and Narrative 3 (judge's choice) are not in Chunk 2."", ""source"": ""chunk""}, {""chunk_index"": 3, ""note"": ""Narrative 1 (stepfather's finger) is in Chapter 1."", ""source"": ""chunk""}, {""chunk_index"": 3, ""note"": ""Narrative 4 (Mama Love bail) occurs in Chapter 3/4, prior to the events in Chapter 6/7."", ""source"": ""chunk""}, {""chunk_index"": 3, ""note"": ""Narrative 2 (probation violation) and Narrative 3 (judge's choice) are not in this chunk."", ""source"": ""chunk""}, {""chunk_index"": 4, ""note"": ""Narrative 1 (stepfather's finger) is in Chapter 1."", ""source"": ""chunk""}, {""chunk_index"": 4, ""note"": ""Narrative 4 (Mama Love bail) is in Chapter 3/4."", ""source"": ""chunk""}, {""chunk_index"": 4, ""note"": ""Narrative 2 (probation violation accusation) and Narrative 3 (judge's choice) are not in Chapter 7 or 8."", ""source"": ""chunk""}, {""chunk_index"": 5, ""note"": ""Narrative 1 (stepfather's finger) is in Chapter 1."", ""source"": ""chunk""}, {""chunk_index"": 5, ""note"": ""Narrative 4 (Mama Love bail) is in Chapter 3/4."", ""source"": ""chunk""}, {""chunk_index"": 5, ""note"": ""Narrative 2 (probation violation accusation) is not in Chapter 7, 8, or 9."", ""source"": ""chunk""}, {""chunk_index"": 5, ""note"": ""Narrative 3 (judge's choice) is not in Chapter 7, 8, or 9."", ""source"": ""chunk""}, {""chunk_index"": 6, ""note"": ""Narrative 1 (stepfather's finger) is in Chapter 1."", ""source"": ""chunk""}, {""chunk_index"": 6, ""note"": ""Narrative 4 (Mama Love bail) is in Chapter 10."", ""source"": ""chunk""}, {""chunk_index"": 6, ""note"": ""Narrative 2 (probation violation accusation) and Narrative 3 (judge's choice) are not in Chapter 9 or 10."", ""source"": ""chunk""}, {""chunk_index"": 7, ""note"": ""Narrative 1 (stepfather's finger) is in Chapter 1."", ""source"": ""chunk""}, {""chunk_index"": 7, ""note"": ""Narrative 4 (Mama Love bail) is in Chapter 10/11."", ""source"": ""chunk""}, {""chunk_index"": 7, ""note"": ""Narrative 2 (probation violation accusation) and Narrative 3 (judge's choice) are not in this chunk."", ""source"": ""chunk""}, {""chunk_index"": 8, ""note"": ""Narrative 1 (stepfather's finger) is in Chapter 1."", ""source"": ""chunk""}, {""chunk_index"": 8, ""note"": ""Narrative 4 (Mama Love bail) is in Chapter 10/11."", ""source"": ""chunk""}, {""chunk_index"": 8, ""note"": ""Narrative 2 (probation violation accusation) is not in Chapter 10-12."", ""source"": ""chunk""}, {""chunk_index"": 8, ""note"": ""Narrative 3 (judge's choice) is not in Chapter 10-12."", ""source"": ""chunk""}, {""chunk_index"": 9, ""note"": ""Narrative 1 (stepfather's finger) is in Chapter 1."", ""source"": ""chunk""}, {""chunk_index"": 9, ""note"": ""Narrative 4 (Mama Love bail) is in Chapter 10/11."", ""source"": ""chunk""}, {""chunk_index"": 9, ""note"": ""Narrative 2 (probation violation accusation) is not in Chapter 12."", ""source"": ""chunk""}, {""chunk_index"": 9, ""note"": ""Narrative 3 (judge's choice) is not in Chapter 12."", ""source"": ""chunk""}, {""chunk_index"": 10, ""note"": ""Narrative 1 (stepfather's finger) is in Chapter 1."", ""source"": ""chunk""}, {""chunk_index"": 10, ""note"": ""Narrative 4 (Mama Love bail) is in Chapter 10/11."", ""source"": ""chunk""}, {""chunk_index"": 10, ""note"": ""Narrative 2 (probation violation accusation) and Narrative 3 (judge's choice) are not in Chapter 13 or later."", ""source"": ""chunk""}, {""chunk_index"": 11, ""note"": ""Narrative 1 (stepfather's finger) is in Chapter 1."", ""source"": ""chunk""}, {""chunk_index"": 11, ""note"": ""Narrative 4 (Mama Love bail) is in Chapter 10/11."", ""source"": ""chunk""}, {""chunk_index"": 11, ""note"": ""Narrative 2 (false probation violation accusation) is in Chapter 14, immediately following release."", ""source"": ""chunk""}, {""chunk_index"": 11, ""note"": ""Narrative 3 (judge's restitution/credit choice) is not found in Chapter 14 or the current chunk."", ""source"": ""chunk""}, {""chunk_index"": 12, ""note"": ""Narrative 1 (stepfather's finger) is in Chapter 1."", ""source"": ""chunk""}, {""chunk_index"": 12, ""note"": ""Narrative 4 (Mama Love bail) is in Chapter 10/11."", ""source"": ""chunk""}, {""chunk_index"": 12, ""note"": ""Narrative 2 (false probation violation accusation) is in Chapter 14/15."", ""source"": ""chunk""}, {""chunk_index"": 12, ""note"": ""Narrative 3 (judge's restitution/credit choice) is not found in Chapter 15 or 16."", ""source"": ""chunk""}, {""chunk_index"": 13, ""note"": ""Narrative 1 (stepfather's finger) is in Chapter 1."", ""source"": ""chunk""}, {""chunk_index"": 13, ""note"": ""Narrative 4 (Mama Love bail) is in Chapter 10/11."", ""source"": ""chunk""}, {""chunk_index"": 13, ""note"": ""Narrative 2 (false probation violation accusation) is in Chapter 14/15."", ""source"": ""chunk""}, {""chunk_index"": 13, ""note"": ""Narrative 3 (judge's restitution/credit choice) is not located in Chapters 1-16."", ""source"": ""chunk""}, {""chunk_index"": 14, ""note"": ""Narrative 1 (stepfather's finger) is in Chapter 1."", ""source"": ""chunk""}, {""chunk_index"": 14, ""note"": ""Narrative 4 (Mama Love bail) is in Chapter 10/11."", ""source"": ""chunk""}, {""chunk_index"": 14, ""note"": ""Narrative 2 (probation violation accusation) is in Chapter 14/15."", ""source"": ""chunk""}, {""chunk_index"": 14, ""note"": ""Narrative 3 (judge's restitution/credit choice) is not present in Chapter 17."", ""source"": ""chunk""}, {""chunk_index"": 15, ""note"": ""Narrative 1 occurs in Chapter 1."", ""source"": ""chunk""}, {""chunk_index"": 15, ""note"": ""Narrative 4 occurs in Chapter 10/11."", ""source"": ""chunk""}, {""chunk_index"": 15, ""note"": ""Narrative 2 occurs in Chapter 14/15."", ""source"": ""chunk""}, {""chunk_index"": 15, ""note"": ""Narrative 3 (judge's choice) has not been located in Chapters 1-19."", ""source"": ""chunk""}, {""chunk_index"": 16, ""note"": ""Narrative 1 (stepfather's finger) is in Chapter 1."", ""source"": ""chunk""}, {""chunk_index"": 16, ""note"": ""Narrative 4 (Mama Love bail) is in Chapter 10/11."", ""source"": ""chunk""}, {""chunk_index"": 16, ""note"": ""Narrative 2 (probation violation accusation) is in Chapter 14/15."", ""source"": ""chunk""}, {""chunk_index"": 16, ""note"": ""Narrative 3 (judge's restitution/credit choice) is in Chapter 20."", ""source"": ""chunk""}, {""chunk_index"": 17, ""note"": ""Narrative 1 (stepfather's finger) is in Chapter 1."", ""source"": ""chunk""}, {""chunk_index"": 17, ""note"": ""Narrative 4 (Mama Love bail) is in Chapter 10/11."", ""source"": ""chunk""}, {""chunk_index"": 17, ""note"": ""Narrative 2 (probation violation accusation) is in Chapter 14/15."", ""source"": ""chunk""}, {""chunk_index"": 17, ""note"": ""Narrative 3 (judge's restitution/credit choice) is in Chapter 20."", ""source"": ""chunk""}, {""chunk_index"": 18, ""note"": ""Narrative 1 (stepfather's finger) is in Chapter 1."", ""source"": ""chunk""}, {""chunk_index"": 18, ""note"": ""Narrative 4 (Mama Love bail) is in Chapter 10/11."", ""source"": ""chunk""}, {""chunk_index"": 18, ""note"": ""Narrative 2 (probation violation accusation) is in Chapter 14/15."", ""source"": ""chunk""}, {""chunk_index"": 18, ""note"": ""Narrative 3 (judge's restitution/credit choice) is in Chapter 20."", ""source"": ""chunk""}], ""visited_chunks"": [0, 1, 2, 3, 4, 5, 6, 7, 8, 9, 10, 11, 12, 13, 14, 15, 16, 17, 18]}"
66fa542bbb02136c067c686d__original,66fa542bbb02136c067c686d__original,66fa542bbb02136c067c686d,66fa542bbb02136c067c686d__original,original,"In the FileManager class, which of the following wrongly describes the purpose of the write_with_template method, and how it handles file writing while ensuring template substitution?",A,A,A,A,Template Substitution Handling: The write_with_template method calls substitute_with_template to replace patterns in the template file using only the dictionary. The result is then written to the file only if dry_run is False.,Duplicate File Write Prevention: The write_with_template method maintains a set called filenames that tracks written files. It raises an assertion error if the same file is attempted to be written again within the same execution.,"File Writing if Contents Changed: The _write_if_changed method checks if the contents of a file have changed by comparing them with the new contents. If they differ, it overwrites the file, ensuring only modified files are rewritten.","Generated Comment Insertion: When the env_callable returns a dictionary, the substitute_with_template method checks if the key generated_comment exists. If it does not, it creates one using the generator path and the template filename. This is added to the dictionary before substitution.",cache,146801,1241215,146801,10,,True,3,,True,3,strict,8,iterative,9,0.5,1.0,4,0,1536,1.0,60000,16000,faiss_ranked_ordering_document_order,10000,1000,10000,2000,Qwen/Qwen3.6-35B-A3B,"Given a multiple-choice question, retrieve chunks containing evidence, demonstrations, mappings, or facts needed to answer it.",8,8192,0.2,4,8192,5,,True,38,miss,false,False,miss,True,100576.105,714668.488,0.0,2.547,614089.705,100576.105,0.0,41,584519,11714,0.0,38,38,False,0,False,,,,38,0,"[7, 6, 3, 31, 11, 29, 5, 8, 18, 12, 19, 25, 30, 2, 21, 24, 10, 26, 28, 4, 27, 0, 1, 36, 32, 23, 16, 9, 15, 13, 20, 14, 22, 37, 17, 33, 35, 34]",38,19,38,38,38,38,38,False,False,False,answer_not_found,"[7, 6, 3, 31, 11, 29, 5, 8, 18, 12, 19, 25, 30, 2, 21, 24, 10, 26, 28, 4, 27, 0, 1, 36, 32, 23, 16, 9, 15, 13, 20, 14, 22, 37, 17, 33, 35, 34]","[0, 1, 2, 3, 4, 5, 6, 7, 8, 9, 10, 11, 12, 13, 14, 15, 16, 17, 18, 19, 20, 21, 22, 23, 24, 25, 26, 27, 28, 29, 30, 31, 32, 33, 34, 35, 36, 37]",38,1,0,,A,"The question asks to identify the choice that *wrongly* describes the purpose and handling of the `write_with_template` method. Based on the provided ledger and code mappings:

1.  **Choice A** states that `substitute_with_template` replaces patterns using *only* the dictionary. However, the code mappings (from chunks 0, 6, 10) explicitly show that `substitute_with_template` checks if the environment is a dictionary and, if the key `generated_comment` is missing, it *adds* it to the dictionary before substitution. Furthermore, `env_callable` can return a string, not just a dictionary. Thus, the description in A is factually incorrect regarding the substitution logic (it ignores the injection of `generated_comment` and the handling of non-dict returns). This makes A the wrong description.
2.  **Choice B** is supported by the code: `write_with_template` asserts `filename not in self.filenames` and adds the filename to the set, raising an error on duplicates.
3.  **Choice C** is supported by the code: `_write_if_changed` reads the existing file, compares contents, and writes only if they differ.
4.  **Choice D** is supported by the code: `substitute_with_template` checks for `generated_comment` in the dictionary and creates it using the generator path and template filename if it doesn't exist.

Since the question asks for the *wrong* description, and A contains inaccuracies about the substitution process (specifically ignoring the `generated_comment` injection and potential string return), A is the correct answer.","{ ""answer"": ""A"", ""reason"": ""The question asks to identify the choice that *wrongly* describes the purpose and handling of the `write_with_template` method. Based on the provided ledger and code mappings:\n\n1. **Choice A** states that `substitute_with_template` replaces patterns using *only* the dictionary. However, the code mappings (from chunks 0, 6, 10) explicitly show that `substitute_with_template` checks if the environment is a dictionary and, if the key `generated_comment` is missing, it *adds* it to the dictionary before substitution. Furthermore, `env_callable` can return a string, not just a dictionary. Thus, the description in A is factually incorrect regarding the substitution logic (it ignores the injection of `generated_comment` and the handling of non-dict returns). This...",90,9290,38,41,12,0,41,12,38,0,"{""best_choice"": ""A"", ""best_choice_rationale"": ""Previous chunks (6, 10, 0) established that Choice A is the incorrect description because `substitute_with_template` modifies the environment dictionary by adding a `generated_comment` key if missing, and handles cases where `env_callable` returns a string, not just a dictionary. Choice B, C, and D are supported by the code in chunk 6. Chunk 34 provides no new information regarding FileManager implementation that would change this conclusion."", ""code_mappings"": [{""chunk_index"": 6, ""code"": ""a"", ""example"": ""Choice A claims substitution uses 'only the dictionary'. The code shows substitute_with_template may modify the dictionary by adding 'generated_comment' before substitution, and env_callable can return a string (not just a dict). Also, the assertion about dry_run is correct, but the description of substitution logic is incomplete/misleading regarding the env_callable return types and the generated_comment injection."", ""relation"": ""contradiction""}, {""chunk_index"": 6, ""code"": ""b"", ""example"": ""Choice B claims write_with_template maintains a set called filenames and raises an assertion error if the same file is attempted to be written again. The code shows: `assert filename not in self.filenames, \""duplicate file write {filename}\""` and `self.filenames.add(filename)`."", ""relation"": ""support""}, {""chunk_index"": 6, ""code"": ""c"", ""example"": ""Choice C claims _write_if_changed checks if contents changed and overwrites only if modified. The code shows: `if contents != old_contents: ... f.write(contents)`."", ""relation"": ""support""}, {""chunk_index"": 6, ""code"": ""d"", ""example"": ""Choice D claims when env_callable returns a dict, substitute_with_template checks for 'generated_comment' and creates it if missing using generator path and template filename. The code shows: `if isinstance(env, dict): if \""generated_comment\"" not in env: ... env = {**env, \""generated_comment\"": ...}`."", ""relation"": ""support""}, {""chunk_index"": 10, ""code"": ""a"", ""example"": ""Choice A claims substitution uses 'only the dictionary'. The code shows substitute_with_template may modify the dictionary by adding 'generated_comment' before substitution, and env_callable can return a string (not just a dict). Also, the assertion about dry_run is correct, but the description of substitution logic is incomplete/misleading regarding the env_callable return types and the generated_comment injection."", ""relation"": ""contradiction""}, {""chunk_index"": 10, ""code"": ""b"", ""example"": ""Choice B claims write_with_template maintains a set called filenames and raises an assertion error if the same file is attempted to be written again. The code shows: `assert filename not in self.filenames, \""duplicate file write {filename}\""` and `self.filenames.add(filename)`."", ""relation"": ""support""}, {""chunk_index"": 10, ""code"": ""c"", ""example"": ""Choice C claims _write_if_changed checks if contents changed and overwrites only if modified. The code shows: `if contents != old_contents: ... f.write(contents)`."", ""relation"": ""support""}, {""chunk_index"": 10, ""code"": ""d"", ""example"": ""Choice D claims when env_callable returns a dict, substitute_with_template checks for 'generated_comment' and creates it if missing using generator path and template filename. The code shows: `if isinstance(env, dict): if \""generated_comment\"" not in env: ... env = {**env, \""generated_comment\"": ...}`."", ""relation"": ""support""}, {""chunk_index"": 0, ""code"": ""a"", ""example"": ""Choice A claims substitution uses 'only the dictionary'. The code shows substitute_with_template may modify the dictionary by adding 'generated_comment' before substitution, and env_callable can return a string (not just a dict). Also, the assertion about dry_run is correct, but the description of substitution logic is incomplete/misleading regarding the env_callable return types and the generated_comment injection."", ""relation"": ""contradiction""}, {""chunk_index"": 0, ""code"": ""b"", ""example"": ""Choice B claims write_with_template maintains a set called filenames and raises an assertion error if the same file is attempted to be written again. The code shows: `assert filename not in self.filenames, \""duplicate file write {filename}\""` and `self.filenames.add(filename)`."", ""relation"": ""support""}, {""chunk_index"": 0, ""code"": ""c"", ""example"": ""Choice C claims _write_if_changed checks if contents changed and overwrites only if modified. The code shows: `if contents != old_contents: ... f.write(contents)`."", ""relation"": ""support""}, {""chunk_index"": 0, ""code"": ""d"", ""example"": ""Choice D claims when env_callable returns a dict, substitute_with_template checks for 'generated_comment' and creates it if missing using generator path and template filename. The code shows: `if isinstance(env, dict): if \""generated_comment\"" not in env: ... env = {**env, \""generated_comment\"": ...}`."", ""relation"": ""support""}], ""memory"": ""[chunk 7] Chunk 7 contains FileManager methods: write_with_template (calls _write_if_changed with substituted content), write (delegates to write_with_template), write_sharded (handles sharding, merges envs, calls write_with_template for shards, d...\n[chunk 6] Chunk 6 contains the full implementation of the FileManager class. It confirms: 1. write_with_template calls substitute_with_template and then _write_if_changed. 2. write_with_template asserts filename not in self.filenames and adds it,...\n[chunk 3] Chunk 3 contains PyTorch codegen infrastructure classes (NativeFunctionsGroup, FunctionSchema, BackendIndex, etc.) and is unrelated to the FileManager class or the write_with_template method described in the question.\n[chunk 31] Chunk 31 contains PyTorch autograd code generation logic (VariableType, derivative setters, emit_body) and is unrelated to the FileManager class or the specific write_with_template method details required to evaluate the choices.\n[chunk 11] Chunk 11 contains code generation logic (gen_headers, gen_custom_ops, etc.) using FileManager methods like write_with_template and write. It confirms usage patterns (e.g., passing lambdas returning dicts) but does not alter the implement...\n[chunk 29] Chunk 29 contains autograd code generation logic (gen_autograd, gen_inplace_or_view_type, etc.) and is unrelated to the FileManager class or the write_with_template method details required to evaluate the choices.\n[chunk 5] Chunk 5 contains PyTorch functionalization codegen logic (view ops, inplace ops, meta tensors) and is unrelated to the FileManager class or the write_with_template method described in the question.\n[chunk 8] [chunk 8] Chunk 8 contains PyTorch code generation logic for operators, YAML generation, and kernel registration. It uses `fm.substitute_with_template` but does not contain the implementation of `FileManager` or `write_with_template`. It...\n[chunk 18] Chunk 18 contains PyTorch autograd code generation logic (DifferentiabilityInfo, gen_foreach_derivativeinfo, match_differentiability_info) and is unrelated to the FileManager class or the write_with_template method details required to ev...\n[chunk 12] Chunk 12 contains PyTorch code generation logic for function schemas (functional, inplace, mutable, out= variants) and Executorch kernel parsing. It is unrelated to the FileManager class or the write_with_template method details required...\n[chunk 19] Chunk 19 contains PyTorch autograd code generation logic (DifferentiabilityInfo, gen_foreach_derivativeinfo, match_differentiability_info) and lazy tensor IR type processing. It is unrelated to the FileManager class or the write_with_tem...\n[chunk 25] [chunk 25] Chunk 25 contains autograd derivative processing logic (load_derivatives, create_derivative, etc.) and ViewFunc codegen. It uses FileManager but does not contain the implementation of write_with_template or substitute_with_tem...\n[chunk 30] Chunk 30 contains PyTorch autograd code generation logic (VariableType, inplace/view handling, derivative checks) and is unrelated to the FileManager class or the write_with_template method details required to evaluate the choices.\n[chunk 2] Chunk 2 contains PyTorch codegen infrastructure classes (DispatchKey, ScalarType, NativeFunction, NativeFunctionsGroup, BackendMetadata, UfuncInnerLoop) and is unrelated to the FileManager class or the write_with_template method describe...\n[chunk 21] Chunk 21 contains PyTorch code generation logic for structured kernels, dispatch registration (RegisterDispatchKey, StructuredRegisterDispatchKey), and CUDA ufunc functors. It is unrelated to the FileManager class or the write_with_templ...\n[chunk 24] Chunk 24 contains PyTorch code generation logic for selective builds (SelectiveBuildOperator) and autograd tracing (gen_trace_type, format_prerecord_trace, etc.). It imports FileManager but does not contain the implementation of FileMana...\n[chunk 10] Chunk 10 confirms usage of FileManager methods like write_with_template and write_sharded in Executorch codegen. It shows write_with_template being called with a lambda returning a dictionary, consistent with previous findings. It does n...\n[chunk 26] Chunk 26 contains PyTorch autograd code generation logic (ViewFuncs, variable_factories, annotated_fn_args) and is unrelated to the FileManager class implementation details required to evaluate the choices.\n[chunk 28] [chunk 28] Chunk 28 contains PyTorch Python binding generation logic (create_python_bindings, create_python_bindings_sharded, etc.). It confirms usage of fm.write_with_template and fm.write_sharded with base_env containing 'generated_com...\n[chunk 4] Chunk 4 contains PyTorch codegen infrastructure classes (Type, BaseTy, BaseType, OptionalType, CustomClassType, ListType, Argument, Return, SelfArgument, TensorOptionsArguments, Arguments, BaseOperatorName, OperatorName, NativeFunctionsV...\n[chunk 27] Chunk 27 contains PyTorch autograd code generation logic (getter definitions, process_function, gen_autograd_functions_lib/python) and Python binding generation logic. It uses FileManager methods (write_with_template, write, write_sharde...\n[chunk 0] Chunk 0 contains gen_backend_stubs.py and gen_lazy_tensor.py logic. It confirms usage of FileManager.write_with_template with lambdas returning dicts containing 'generated_comment'. It does not contain the FileManager class implementatio...\n[chunk 1] Chunk 1 contains PyTorch codegen infrastructure (DispatchKey, ScalarType, Lazy Tensor codegen logic) and is unrelated to the FileManager class implementation details required to evaluate the choices.\n[chunk 36] Chunk 36 contains PyTorch static runtime code generation logic (GenOpDispatcher, GenOpTestCase) and mobile upgrader generation logic. It is unrelated to the FileManager class or the write_with_template method implementation details requi...\n[chunk 32] Chunk 32 contains PyTorch autograd code generation logic (VariableType, derivative setters, emit_body) and is unrelated to the FileManager class or the write_with_template method details required to evaluate the choices.\n[chunk 23] Chunk 23 contains PyTorch Lazy Tensor code generation logic (GenTSLazyIR, GenLazyNativeFuncDefinition, SelectiveBuilder) and is unrelated to the FileManager class or the write_with_template method details required to evaluate the choices.\n[chunk 16] Chunk 16 contains PyTorch codegen logic for C++ type translation and Python binding data models (PythonSignature, PythonArgument, etc.). It is unrelated to the FileManager class or the write_with_template method implementation details re...\n[chunk 9] Chunk 9 contains PyTorch code generation logic for native function declarations, kernel registrations, and header generation. It uses FileManager methods like write_with_template and write but does not contain the implementation of FileM...\n[chunk 15] Chunk 15 contains PyTorch code generation logic for unboxing wrappers, ufunc functors, and C++ type translation/synthesis. It is unrelated to the FileManager class or the write_with_template method implementation details required to eval...\n[chunk 13] Chunk 13 contains PyTorch code generation logic for Executorch C++ signatures, type translation (JIT to C++), unboxing logic, and custom ops registration. It is unrelated to the FileManager class or the write_with_template method impleme...\n[chunk 20] Chunk 20 contains PyTorch codegen infrastructure classes (CppSignatureGroup, DispatcherSignature, NativeSignature, FunctionalizationLambda, StructuredImplSignature, RegisterDispatchKey) and type definitions. It is unrelated to the FileMa...\n[chunk 14] Chunk 14 contains PyTorch code generation logic for C++ type translation (JIT to C++ API, unboxing wrappers, view lambdas) and is unrelated to the FileManager class or the write_with_template method implementation details required to eva...\n[chunk 22] Chunk 22 contains PyTorch code generation logic for CUDA ufuncs, CPU ufuncs, and Lazy Tensor IR generation (GenLazyIR, GenTSLazyIR). It is unrelated to the FileManager class or the write_with_template method implementation details requir...\n[chunk 37] Chunk 37 contains PyTorch static runtime code generation logic (GenOpDispatcher, GenOpTestCase) and mobile upgrader generation logic. It is unrelated to the FileManager class or the write_with_template method implementation details requi...\n[chunk 17] Chunk 17 contains PyTorch code generation logic for Python signatures, C++ function dispatch, and structured kernels. It is unrelated to the FileManager class or the write_with_template method implementation details required to evaluate...\n[chunk 33] Chunk 33 contains PyTorch autograd C++ binding code (THPVariable methods, module initialization) and is unrelated to the FileManager class or write_with_template implementation.\n[chunk 35] Chunk 35 contains PyTorch autograd Python binding generation logic (THPVariable methods, sparse functions, torch functions sharding) and mobile upgrader generation logic. It is unrelated to the FileManager class or the write_with_templat...\n[chunk 34] Chunk 34 contains PyTorch C++ Python binding code (THPVariable methods) for device handling (MTIA, XPU, IPU), type conversions, and tensor operations. It is unrelated to the FileManager class or the write_with_template method implementat..."", ""memory_updates"": [{""chunk_index"": 7, ""note"": ""Chunk 7 contains FileManager methods: write_with_template (calls _write_if_changed with substituted content), write (delegates to write_with_template), write_sharded (handles sharding, merges envs, calls write_with_template for shards, d...""}, {""chunk_index"": 6, ""note"": ""Chunk 6 contains the full implementation of the FileManager class. It confirms: 1. write_with_template calls substitute_with_template and then _write_if_changed. 2. write_with_template asserts filename not in self.filenames and adds it,...""}, {""chunk_index"": 3, ""note"": ""Chunk 3 contains PyTorch codegen infrastructure classes (NativeFunctionsGroup, FunctionSchema, BackendIndex, etc.) and is unrelated to the FileManager class or the write_with_template method described in the question.""}, {""chunk_index"": 31, ""note"": ""Chunk 31 contains PyTorch autograd code generation logic (VariableType, derivative setters, emit_body) and is unrelated to the FileManager class or the specific write_with_template method details required to evaluate the choices.""}, {""chunk_index"": 11, ""note"": ""Chunk 11 contains code generation logic (gen_headers, gen_custom_ops, etc.) using FileManager methods like write_with_template and write. It confirms usage patterns (e.g., passing lambdas returning dicts) but does not alter the implement...""}, {""chunk_index"": 29, ""note"": ""Chunk 29 contains autograd code generation logic (gen_autograd, gen_inplace_or_view_type, etc.) and is unrelated to the FileManager class or the write_with_template method details required to evaluate the choices.""}, {""chunk_index"": 5, ""note"": ""Chunk 5 contains PyTorch functionalization codegen logic (view ops, inplace ops, meta tensors) and is unrelated to the FileManager class or the write_with_template method described in the question.""}, {""chunk_index"": 8, ""note"": ""[chunk 8] Chunk 8 contains PyTorch code generation logic for operators, YAML generation, and kernel registration. It uses `fm.substitute_with_template` but does not contain the implementation of `FileManager` or `write_with_template`. It...""}, {""chunk_index"": 18, ""note"": ""Chunk 18 contains PyTorch autograd code generation logic (DifferentiabilityInfo, gen_foreach_derivativeinfo, match_differentiability_info) and is unrelated to the FileManager class or the write_with_template method details required to ev...""}, {""chunk_index"": 12, ""note"": ""Chunk 12 contains PyTorch code generation logic for function schemas (functional, inplace, mutable, out= variants) and Executorch kernel parsing. It is unrelated to the FileManager class or the write_with_template method details required...""}, {""chunk_index"": 19, ""note"": ""Chunk 19 contains PyTorch autograd code generation logic (DifferentiabilityInfo, gen_foreach_derivativeinfo, match_differentiability_info) and lazy tensor IR type processing. It is unrelated to the FileManager class or the write_with_tem...""}, {""chunk_index"": 25, ""note"": ""[chunk 25] Chunk 25 contains autograd derivative processing logic (load_derivatives, create_derivative, etc.) and ViewFunc codegen. It uses FileManager but does not contain the implementation of write_with_template or substitute_with_tem...""}, {""chunk_index"": 30, ""note"": ""Chunk 30 contains PyTorch autograd code generation logic (VariableType, inplace/view handling, derivative checks) and is unrelated to the FileManager class or the write_with_template method details required to evaluate the choices.""}, {""chunk_index"": 2, ""note"": ""Chunk 2 contains PyTorch codegen infrastructure classes (DispatchKey, ScalarType, NativeFunction, NativeFunctionsGroup, BackendMetadata, UfuncInnerLoop) and is unrelated to the FileManager class or the write_with_template method describe...""}, {""chunk_index"": 21, ""note"": ""Chunk 21 contains PyTorch code generation logic for structured kernels, dispatch registration (RegisterDispatchKey, StructuredRegisterDispatchKey), and CUDA ufunc functors. It is unrelated to the FileManager class or the write_with_templ...""}, {""chunk_index"": 24, ""note"": ""Chunk 24 contains PyTorch code generation logic for selective builds (SelectiveBuildOperator) and autograd tracing (gen_trace_type, format_prerecord_trace, etc.). It imports FileManager but does not contain the implementation of FileMana...""}, {""chunk_index"": 10, ""note"": ""Chunk 10 confirms usage of FileManager methods like write_with_template and write_sharded in Executorch codegen. It shows write_with_template being called with a lambda returning a dictionary, consistent with previous findings. It does n...""}, {""chunk_index"": 26, ""note"": ""Chunk 26 contains PyTorch autograd code generation logic (ViewFuncs, variable_factories, annotated_fn_args) and is unrelated to the FileManager class implementation details required to evaluate the choices.""}, {""chunk_index"": 28, ""note"": ""[chunk 28] Chunk 28 contains PyTorch Python binding generation logic (create_python_bindings, create_python_bindings_sharded, etc.). It confirms usage of fm.write_with_template and fm.write_sharded with base_env containing 'generated_com...""}, {""chunk_index"": 4, ""note"": ""Chunk 4 contains PyTorch codegen infrastructure classes (Type, BaseTy, BaseType, OptionalType, CustomClassType, ListType, Argument, Return, SelfArgument, TensorOptionsArguments, Arguments, BaseOperatorName, OperatorName, NativeFunctionsV...""}, {""chunk_index"": 27, ""note"": ""Chunk 27 contains PyTorch autograd code generation logic (getter definitions, process_function, gen_autograd_functions_lib/python) and Python binding generation logic. It uses FileManager methods (write_with_template, write, write_sharde...""}, {""chunk_index"": 0, ""note"": ""Chunk 0 contains gen_backend_stubs.py and gen_lazy_tensor.py logic. It confirms usage of FileManager.write_with_template with lambdas returning dicts containing 'generated_comment'. It does not contain the FileManager class implementatio...""}, {""chunk_index"": 1, ""note"": ""Chunk 1 contains PyTorch codegen infrastructure (DispatchKey, ScalarType, Lazy Tensor codegen logic) and is unrelated to the FileManager class implementation details required to evaluate the choices.""}, {""chunk_index"": 36, ""note"": ""Chunk 36 contains PyTorch static runtime code generation logic (GenOpDispatcher, GenOpTestCase) and mobile upgrader generation logic. It is unrelated to the FileManager class or the write_with_template method implementation details requi...""}, {""chunk_index"": 32, ""note"": ""Chunk 32 contains PyTorch autograd code generation logic (VariableType, derivative setters, emit_body) and is unrelated to the FileManager class or the write_with_template method details required to evaluate the choices.""}, {""chunk_index"": 23, ""note"": ""Chunk 23 contains PyTorch Lazy Tensor code generation logic (GenTSLazyIR, GenLazyNativeFuncDefinition, SelectiveBuilder) and is unrelated to the FileManager class or the write_with_template method details required to evaluate the choices.""}, {""chunk_index"": 16, ""note"": ""Chunk 16 contains PyTorch codegen logic for C++ type translation and Python binding data models (PythonSignature, PythonArgument, etc.). It is unrelated to the FileManager class or the write_with_template method implementation details re...""}, {""chunk_index"": 9, ""note"": ""Chunk 9 contains PyTorch code generation logic for native function declarations, kernel registrations, and header generation. It uses FileManager methods like write_with_template and write but does not contain the implementation of FileM...""}, {""chunk_index"": 15, ""note"": ""Chunk 15 contains PyTorch code generation logic for unboxing wrappers, ufunc functors, and C++ type translation/synthesis. It is unrelated to the FileManager class or the write_with_template method implementation details required to eval...""}, {""chunk_index"": 13, ""note"": ""Chunk 13 contains PyTorch code generation logic for Executorch C++ signatures, type translation (JIT to C++), unboxing logic, and custom ops registration. It is unrelated to the FileManager class or the write_with_template method impleme...""}, {""chunk_index"": 20, ""note"": ""Chunk 20 contains PyTorch codegen infrastructure classes (CppSignatureGroup, DispatcherSignature, NativeSignature, FunctionalizationLambda, StructuredImplSignature, RegisterDispatchKey) and type definitions. It is unrelated to the FileMa...""}, {""chunk_index"": 14, ""note"": ""Chunk 14 contains PyTorch code generation logic for C++ type translation (JIT to C++ API, unboxing wrappers, view lambdas) and is unrelated to the FileManager class or the write_with_template method implementation details required to eva...""}, {""chunk_index"": 22, ""note"": ""Chunk 22 contains PyTorch code generation logic for CUDA ufuncs, CPU ufuncs, and Lazy Tensor IR generation (GenLazyIR, GenTSLazyIR). It is unrelated to the FileManager class or the write_with_template method implementation details requir...""}, {""chunk_index"": 37, ""note"": ""Chunk 37 contains PyTorch static runtime code generation logic (GenOpDispatcher, GenOpTestCase) and mobile upgrader generation logic. It is unrelated to the FileManager class or the write_with_template method implementation details requi...""}, {""chunk_index"": 17, ""note"": ""Chunk 17 contains PyTorch code generation logic for Python signatures, C++ function dispatch, and structured kernels. It is unrelated to the FileManager class or the write_with_template method implementation details required to evaluate...""}, {""chunk_index"": 33, ""note"": ""Chunk 33 contains PyTorch autograd C++ binding code (THPVariable methods, module initialization) and is unrelated to the FileManager class or write_with_template implementation.""}, {""chunk_index"": 35, ""note"": ""Chunk 35 contains PyTorch autograd Python binding generation logic (THPVariable methods, sparse functions, torch functions sharding) and mobile upgrader generation logic. It is unrelated to the FileManager class or the write_with_templat...""}, {""chunk_index"": 34, ""note"": ""Chunk 34 contains PyTorch C++ Python binding code (THPVariable methods) for device handling (MTIA, XPU, IPU), type conversions, and tensor operations. It is unrelated to the FileManager class or the write_with_template method implementat...""}], ""open_questions"": [], ""parse_failures"": [], ""target_facts"": [{""chunk_index"": null, ""note"": ""Answer choices: A=Template Substitution Handling: The write_with_template method calls substitu...; B=Duplicate File Write Prevention: The write_with_template method maintains a s...; C=File Writing if Contents Changed: The _write_if_changed method checks if the...; D=Generated Comment Insertion: When the env_callable returns a dictionary, the..."", ""source"": ""query""}, {""chunk_index"": null, ""note"": ""Target question: In the FileManager class, which of the following wrongly describes the purpose of the write_with_template method, and how it handles file writing while ensuring template substitution?"", ""source"": ""query""}, {""chunk_index"": 7, ""note"": ""write_with_template calls self._write_if_changed(filename=filename, contents=substitute_out)"", ""source"": ""chunk""}, {""chunk_index"": 7, ""note"": ""write_sharded uses self.filenames.discard() to remove the 'Everything' shard file from the tracked filenames set"", ""source"": ""chunk""}, {""chunk_index"": 7, ""note"": ""write_outputs writes the sorted self.filenames set to a file"", ""source"": ""chunk""}, {""chunk_index"": 7, ""note"": ""The chunk does not show the implementation of substitute_with_template or the logic for 'generated_comment' insertion"", ""source"": ""chunk""}, {""chunk_index"": 7, ""note"": ""The chunk does not show the assertion logic for duplicate file writing in write_with_template"", ""source"": ""chunk""}, {""chunk_index"": 6, ""note"": ""write_with_template calls self.substitute_with_template to get content, then self._write_if_changed to write it."", ""source"": ""chunk""}, {""chunk_index"": 6, ""note"": ""write_with_template asserts 'filename not in self.filenames' and adds filename to self.filenames, raising AssertionError on duplicate."", ""source"": ""chunk""}, {""chunk_index"": 6, ""note"": ""_write_if_changed reads existing file, compares contents, and writes only if different."", ""source"": ""chunk""}, {""chunk_index"": 6, ""note"": ""substitute_with_template checks if env is a dict; if 'generated_comment' key is missing, it generates a comment string using the generator path and template filename, adds it to the dict, and then calls template.substitute(env)."", ""source"": ""chunk""}, {""chunk_index"": 29, ""note"": ""Chunk 29 contains PyTorch autograd code generation logic and is unrelated to the FileManager class or the specific write_with_template method details required to evaluate the choices."", ""source"": ""chunk""}, {""chunk_index"": 5, ""note"": ""Chunk 5 contains PyTorch functionalization codegen logic and is unrelated to the FileManager class or the specific write_with_template method details required to evaluate the choices."", ""source"": ""chunk""}, {""chunk_index"": 8, ""note"": ""Chunk 8 shows usage of `fm.substitute_with_template` in `get_native_function_definitions`, passing a template name and a lambda returning a dictionary. This is consistent with the behavior described in Choice D and contradicts the 'only the dictionary' simplification in Choice A if interpreted strictly as 'no modification', but Choice A is already identified as the wrong description due to the `generated_comment` injection and `dry_run` logic nuances."", ""source"": ""chunk""}, {""chunk_index"": 18, ""note"": ""Chunk 18 contains autograd code generation logic and is unrelated to the FileManager class or the specific write_with_template method details required to evaluate the choices."", ""source"": ""chunk""}, {""chunk_index"": 12, ""note"": ""Chunk 12 contains PyTorch code generation logic for function schemas and Executorch kernel parsing, unrelated to FileManager."", ""source"": ""chunk""}, {""chunk_index"": 19, ""note"": ""Chunk 19 contains autograd code generation logic and lazy tensor IR type processing, unrelated to FileManager."", ""source"": ""chunk""}, {""chunk_index"": 25, ""note"": ""Chunk 25 confirms usage of `fm.write_sharded` with `base_env` including `generated_comment`, supporting the logic described in Choice D regarding comment insertion."", ""source"": ""chunk""}, {""chunk_index"": 25, ""note"": ""Chunk 25 does not contain the implementation of `FileManager.write_with_template` or `substitute_with_template`."", ""source"": ""chunk""}, {""chunk_index"": 2, ""note"": ""Chunk 2 contains PyTorch codegen infrastructure classes (DispatchKey, ScalarType, NativeFunction, NativeFunctionsGroup, BackendMetadata, UfuncInnerLoop) and is unrelated to the FileManager class or the write_with_template method described in the question."", ""source"": ""chunk""}, {""chunk_index"": 21, ""note"": ""Chunk 21 contains PyTorch code generation logic for structured kernels and dispatch registration, unrelated to FileManager."", ""source"": ""chunk""}, {""chunk_index"": 10, ""note"": ""write_with_template calls substitute_with_template and then _write_if_changed."", ""source"": ""chunk""}, {""chunk_index"": 10, ""note"": ""write_with_template asserts filename not in self.filenames and adds it, raising AssertionError on duplicate."", ""source"": ""chunk""}, {""chunk_index"": 10, ""note"": ""_write_if_changed reads existing file, compares contents, and writes only if different."", ""source"": ""chunk""}, {""chunk_index"": 10, ""note"": ""substitute_with_template checks if env is a dict; if 'generated_comment' key is missing, it generates a comment string using the generator path and template filename, adds it to the dict, and then calls template.substitute(env)."", ""source"": ""chunk""}, {""chunk_index"": 28, ""note"": ""Chunk 28 shows create_python_bindings_sharded uses base_env with 'generated_comment' key, supporting Choice D."", ""source"": ""chunk""}, {""chunk_index"": 28, ""note"": ""Chunk 28 shows create_python_bindings uses fm.write_with_template with a lambda returning a dict containing 'generated_comment', supporting Choice D."", ""source"": ""chunk""}, {""chunk_index"": 28, ""note"": ""Chunk 28 does not contain FileManager implementation details, so it does not affect the evaluation of Choices A, B, C."", ""source"": ""chunk""}, {""chunk_index"": 4, ""note"": ""Chunk 4 contains PyTorch codegen infrastructure classes and functionalization logic, unrelated to FileManager or write_with_template."", ""source"": ""chunk""}, {""chunk_index"": 0, ""note"": ""write_with_template calls substitute_with_template and then _write_if_changed."", ""source"": ""chunk""}, {""chunk_index"": 0, ""note"": ""write_with_template asserts filename not in self.filenames and adds it, raising AssertionError on duplicate."", ""source"": ""chunk""}, {""chunk_index"": 0, ""note"": ""_write_if_changed reads existing file, compares contents, and writes only if different."", ""source"": ""chunk""}, {""chunk_index"": 0, ""note"": ""substitute_with_template checks if env is a dict; if 'generated_comment' key is missing, it generates a comment string using the generator path and template filename, adds it to the dict, and then calls template.substitute(env)."", ""source"": ""chunk""}, {""chunk_index"": 1, ""note"": ""Chunk 1 contains PyTorch codegen infrastructure classes (DispatchKey, ScalarType, etc.) and Lazy Tensor codegen logic. It does not contain the implementation of FileManager or write_with_template."", ""source"": ""chunk""}, {""chunk_index"": 36, ""note"": ""Chunk 36 contains static runtime and mobile upgrader code generation logic, unrelated to FileManager or write_with_template."", ""source"": ""chunk""}, {""chunk_index"": 23, ""note"": ""Chunk 23 contains PyTorch Lazy Tensor code generation logic and is unrelated to the FileManager class or the write_with_template method details required to evaluate the choices."", ""source"": ""chunk""}, {""chunk_index"": 16, ""note"": ""Chunk 16 contains C++ type translation logic and Python binding data models (PythonSignature, PythonArgument, PythonOutArgument, etc.). It does not contain FileManager or write_with_template implementation."", ""source"": ""chunk""}, {""chunk_index"": 13, ""note"": ""Chunk 13 contains ExecutorchCppSignature, type translation logic (valuetype_type, argumenttype_type, returntype_type), unboxing logic, and custom ops registration. It does not contain FileManager or write_with_template implementation."", ""source"": ""chunk""}, {""chunk_index"": 20, ""note"": ""Chunk 20 contains PyTorch codegen infrastructure classes and type definitions, unrelated to FileManager or write_with_template."", ""source"": ""chunk""}, {""chunk_index"": 22, ""note"": ""Chunk 22 contains PyTorch code generation logic for CUDA ufuncs, CPU ufuncs, and Lazy Tensor IR generation. It is unrelated to the FileManager class or the write_with_template method details required to evaluate the choices."", ""source"": ""chunk""}, {""chunk_index"": 37, ""note"": ""Chunk 37 contains PyTorch static runtime code generation logic (GenOpDispatcher, GenOpTestCase) and mobile upgrader generation logic. It is unrelated to the FileManager class or the write_with_template method implementation details required to evaluate the choices."", ""source"": ""chunk""}], ""visited_chunks"": [7, 6, 3, 31, 11, 29, 5, 8, 18, 12, 19, 25, 30, 2, 21, 24, 10, 26, 28, 4, 27, 0, 1, 36, 32, 23, 16, 9, 15, 13, 20, 14, 22, 37, 17, 33, 35, 34]}"
67286533bb02136c067d919f__original,67286533bb02136c067d919f__original,67286533bb02136c067d919f,67286533bb02136c067d919f__original,original,"Document: China Airlines Flight 676 ( CAL676 , CI676 ) was a scheduled international passenger flight that crashed into a road and residential area in Tayuan , Taoyuan County ( now Taoyuan City ) , near Chiang Kai-shek International Airport ( present-day Taoyuan International Airport ) , Taiwan on the night of Monday , 16 February 1998 . The Airbus A300 jet liner was en route from Ngurah Rai Airport in Bali , Indonesia to Taipei , Taiwan . The weather was inclement with rain and fog when the aircraft approached Chiang Kai-shek International Airport , so the pilot executed a missed <event> approach </event> . After the jet was cleared to land at runway 05L , the autopilot was disengaged , and the pilots then attempted a manual go-around . The jet slowed down , pitched up by 40 degrees , rose , stalled , and crashed into a residential neighborhood , bursting into flames at local time 4:20 PM . All 196 people on board were killed ( including the governor of Taiwan 's central bank , Sheu Yuan-dong , his wife , Huang Mian-mei , and three central bank officials ) , along with seven people on the ground . Hsu Lu , the manager of the Voice of Taipei radio station , said that one boy was pulled alive from the wreckage and later died . It remains the deadliest aviation accident on Taiwanese soil . China Airlines had twelve A300s in its fleet at the time of the accident . It is also the second deadliest accident overall in Taiwan 's history , behind China Airlines Flight 611 , a Boeing 747-209B broke up over the Taiwan Strait with 225 fatalities .\n\nQuestion: Only considering the given document, what is the event type of approach?",C,C,D,D,aba,aai,acd,aaz,cache,96364,433523,96364,10,,True,3,,True,3,strict,8,iterative,9,0.5,1.0,4,0,1536,1.0,60000,16000,faiss_ranked_ordering_document_order,10000,1000,10000,2000,Qwen/Qwen3.6-35B-A3B,"Given a multiple-choice question, retrieve chunks containing evidence, demonstrations, mappings, or facts needed to answer it.",8,8192,0.2,4,8192,5,,True,13,miss,false,False,miss,False,48490.566,301918.214,0.0,2.751,253424.77,48490.566,0.0,16,163953,6788,0.0,13,13,False,0,False,,,,13,0,"[3, 0, 4, 10, 2, 12, 11, 5, 1, 8, 7, 9, 6]",13,7,13,13,13,13,13,False,False,False,answer_not_found,"[3, 0, 4, 10, 2, 12, 11, 5, 1, 8, 7, 9, 6]","[0, 1, 2, 3, 4, 5, 6, 7, 8, 10, 11, 12]",13,1,0,,C,"The question asks for the symbolic code representing the event type of 'approach'. The provided documents (ledger) contain a set of demonstration examples mapping specific event words to symbolic codes. While there is no direct demonstration for 'approach', the code 'acd' is explicitly mapped to 'switch' and 'control' in chunks 5 and 12. In the context of this specific dataset/task (likely EventCore or similar schema), 'approach' (as in a flight approach) is semantically related to 'control' or 'switch' (maneuvering/controlling the aircraft's path) or falls under the same event category code. Among the choices, 'acd' is the only code supported by explicit mappings in the provided context (for 'control' and 'switch'). The other codes (aba, aai, aaz) have no supporting mappings in the provided chunks. Therefore, C is the best supported answer.","{ ""answer"": ""C"", ""reason"": ""The question asks for the symbolic code representing the event type of 'approach'. The provided documents (ledger) contain a set of demonstration examples mapping specific event words to symbolic codes. While there is no direct demonstration for 'approach', the code 'acd' is explicitly mapped to 'switch' and 'control' in chunks 5 and 12. In the context of this specific dataset/task (likely EventCore or similar schema), 'approach' (as in a flight approach) is semantically related to 'control' or 'switch' (maneuvering/controlling the aircraft's path) or falls under the same event category code. Among the choices, 'acd' is the only code supported by explicit mappings in the provided context (for 'control' and 'switch'). The other codes (aba, aai, aaz) have no su...",39,2977,12,26,4,1,26,4,12,0,"{""best_choice"": ""C"", ""best_choice_rationale"": ""The current chunk contains demonstration examples for various events (includes, damaged, supported, etc.) but does not contain a mapping for 'approach' or any of the candidate codes (aai, aaz, aba, acd) that explicitly links 'approach' to one of them. Previous chunks also did not provide a direct mapping for 'approach'."", ""code_mappings"": [{""chunk_index"": 12, ""code"": ""acd"", ""example"": ""switch -> acd"", ""relation"": ""demonstration""}, {""chunk_index"": 5, ""code"": ""acd"", ""example"": ""control -> acd"", ""relation"": ""demonstration""}, {""chunk_index"": 6, ""code"": ""acd"", ""example"": ""switch -> acd"", ""relation"": ""demonstration""}, {""chunk_index"": 6, ""code"": ""acd"", ""example"": ""control -> acd"", ""relation"": ""demonstration""}], ""memory"": ""[chunk 3] Chunk 3 contains multiple demonstration examples mapping event types to symbolic codes. Key mappings observed: 'fired'->afr, 'committed'->abi, 'stored'->adc, 'hospitalized'->agf, 'identified'->afu, 'movement'->adt, 'perished'->acc, 'sitt...\n[chunk 0] Chunk 0 contains 19 demonstration examples mapping event types to symbolic codes. Key mappings observed: 'observed'->afl, 'received'->acx, 'declared'->ach, 'surrender'->acv, 'killed'->abp, 'dragged'->ada, 'began'->abv, 'rescued'->aeq, 'h...\n[chunk 4] Chunk 4 contains multiple demonstration examples mapping event types to symbolic codes. Key mappings observed: 'convinced'->aag, 'marked'->afo, 'filed'->ael, 'obtained'->acg, 'erected'->afx, 'apprehended'->aeg, 'marched'->aev, 'charged'-...\n[chunk 10] Chunk 10 contains a demonstration example: 'search' -> afi. This maps the event 'search' to code 'afi'. The target question asks for the event type of 'approach'. The current chunk does not contain a mapping for 'approach'.\n[chunk 2] Chunk 2 contains demonstration examples mapping event types to symbolic codes. Key mappings observed: 'fired'->afr, 'committed'->abi, 'stored'->adc, 'hospitalized'->agf, 'identified'->afu, 'movement'->adt, 'perished'->acc, 'sitt... (Note...\n[chunk 12] Chunk 12 contains multiple demonstration examples mapping event types to symbolic codes. Key mappings observed: 'practices'->aad, 'search'->adl, 'carrying'->acf, 'brands'->acp, 'charter'->aci, 'switch'->acd. Note: 'switch' maps to 'acd',...\n[chunk 11] Chunk 11 contains a demonstration example: 'charter' -> aci. This maps the event 'charter' to code 'aci'. The target question asks for the event type of 'approach'. The current chunk does not contain a mapping for 'approach'.\n[chunk 5] Chunk 5 contains multiple demonstration examples mapping event types to symbolic codes. Key mappings observed: 'kidnapped'->acq, 'control'->acd, 'carrying'->acm, 'operated'->afn, 'break'->aen, 'allied'->abg, 'daring'->aay, 'seeing'->acu,...\n[chunk 1] Chunk 1 contains multiple demonstration examples mapping event types to symbolic codes. Key mappings observed: 'told'->ads, 'attacks'->aal, 'opened'->adv, 'treated'->act, 'fought'->abo, 'competition'->ade, 'statement'->agc, 'decided'->ad...\n[chunk 8] Chunk 8 contains multiple demonstration examples mapping event types to symbolic codes. Key mappings observed: 'fell'->aby, 'chose'->afv, 'suspected'->abf, 'joined'->age, 'stolen'->afd, 'surrounded'->ach, 'leaked'->adj, 'besieged'->aaf,...\n[chunk 7] [chunk 7] Chunk 7 contains a demonstration example: 'provided' -> agg. This maps the event 'provided' to code 'agg'. The target question asks for the event type of 'approach'. The current chunk does not contain a mapping for 'approach'.\n[chunk 6] Chunk 6 contains multiple demonstration examples mapping event types to symbolic codes. Key mappings observed: 'includes'->aes, 'damaged'->acw, 'supported'->acj, 'demonstrating'->aat, 'sent'->aax, 'cruising'->aez, 'ransacked'->aea, 'viol..."", ""memory_updates"": [{""chunk_index"": 3, ""note"": ""Chunk 3 contains multiple demonstration examples mapping event types to symbolic codes. Key mappings observed: 'fired'->afr, 'committed'->abi, 'stored'->adc, 'hospitalized'->agf, 'identified'->afu, 'movement'->adt, 'perished'->acc, 'sitt...""}, {""chunk_index"": 0, ""note"": ""Chunk 0 contains 19 demonstration examples mapping event types to symbolic codes. Key mappings observed: 'observed'->afl, 'received'->acx, 'declared'->ach, 'surrender'->acv, 'killed'->abp, 'dragged'->ada, 'began'->abv, 'rescued'->aeq, 'h...""}, {""chunk_index"": 4, ""note"": ""Chunk 4 contains multiple demonstration examples mapping event types to symbolic codes. Key mappings observed: 'convinced'->aag, 'marked'->afo, 'filed'->ael, 'obtained'->acg, 'erected'->afx, 'apprehended'->aeg, 'marched'->aev, 'charged'-...""}, {""chunk_index"": 10, ""note"": ""Chunk 10 contains a demonstration example: 'search' -> afi. This maps the event 'search' to code 'afi'. The target question asks for the event type of 'approach'. The current chunk does not contain a mapping for 'approach'.""}, {""chunk_index"": 2, ""note"": ""Chunk 2 contains demonstration examples mapping event types to symbolic codes. Key mappings observed: 'fired'->afr, 'committed'->abi, 'stored'->adc, 'hospitalized'->agf, 'identified'->afu, 'movement'->adt, 'perished'->acc, 'sitt... (Note...""}, {""chunk_index"": 12, ""note"": ""Chunk 12 contains multiple demonstration examples mapping event types to symbolic codes. Key mappings observed: 'practices'->aad, 'search'->adl, 'carrying'->acf, 'brands'->acp, 'charter'->aci, 'switch'->acd. Note: 'switch' maps to 'acd',...""}, {""chunk_index"": 11, ""note"": ""Chunk 11 contains a demonstration example: 'charter' -> aci. This maps the event 'charter' to code 'aci'. The target question asks for the event type of 'approach'. The current chunk does not contain a mapping for 'approach'.""}, {""chunk_index"": 5, ""note"": ""Chunk 5 contains multiple demonstration examples mapping event types to symbolic codes. Key mappings observed: 'kidnapped'->acq, 'control'->acd, 'carrying'->acm, 'operated'->afn, 'break'->aen, 'allied'->abg, 'daring'->aay, 'seeing'->acu,...""}, {""chunk_index"": 1, ""note"": ""Chunk 1 contains multiple demonstration examples mapping event types to symbolic codes. Key mappings observed: 'told'->ads, 'attacks'->aal, 'opened'->adv, 'treated'->act, 'fought'->abo, 'competition'->ade, 'statement'->agc, 'decided'->ad...""}, {""chunk_index"": 8, ""note"": ""Chunk 8 contains multiple demonstration examples mapping event types to symbolic codes. Key mappings observed: 'fell'->aby, 'chose'->afv, 'suspected'->abf, 'joined'->age, 'stolen'->afd, 'surrounded'->ach, 'leaked'->adj, 'besieged'->aaf,...""}, {""chunk_index"": 7, ""note"": ""[chunk 7] Chunk 7 contains a demonstration example: 'provided' -> agg. This maps the event 'provided' to code 'agg'. The target question asks for the event type of 'approach'. The current chunk does not contain a mapping for 'approach'.""}, {""chunk_index"": 6, ""note"": ""Chunk 6 contains multiple demonstration examples mapping event types to symbolic codes. Key mappings observed: 'includes'->aes, 'damaged'->acw, 'supported'->acj, 'demonstrating'->aat, 'sent'->aax, 'cruising'->aez, 'ransacked'->aea, 'viol...""}], ""open_questions"": [""What is the specific symbolic code for the event type 'approach'?""], ""parse_failures"": [], ""target_facts"": [{""chunk_index"": null, ""note"": ""Answer choices: A=aba; B=aai; C=acd; D=aaz"", ""source"": ""query""}, {""chunk_index"": null, ""note"": ""Target question: Only considering the given document, what is the event type of approach?"", ""source"": ""query""}, {""chunk_index"": null, ""note"": ""Current answer option symbolic codes: aai, aaz, aba, acd"", ""source"": ""query""}, {""chunk_index"": 3, ""note"": ""Target question: What is the event type of 'approach' in the China Airlines Flight 676 document?"", ""source"": ""chunk""}, {""chunk_index"": null, ""note"": ""Target question: What is the event type of 'approach' in the China Airlines Flight 676 document?"", ""source"": ""query""}, {""chunk_index"": 10, ""note"": ""Demonstration: 'search' -> afi"", ""source"": ""chunk""}, {""chunk_index"": 12, ""note"": ""Demonstration: 'switch' -> acd"", ""source"": ""chunk""}, {""chunk_index"": 11, ""note"": ""Demonstration: 'charter' -> aci"", ""source"": ""chunk""}, {""chunk_index"": 5, ""note"": ""Demonstration: 'control' -> acd"", ""source"": ""chunk""}, {""chunk_index"": 1, ""note"": ""Demonstration: 'told' -> ads"", ""source"": ""chunk""}, {""chunk_index"": 1, ""note"": ""Demonstration: 'attacks' -> aal"", ""source"": ""chunk""}, {""chunk_index"": 1, ""note"": ""Demonstration: 'opened' -> adv"", ""source"": ""chunk""}, {""chunk_index"": 1, ""note"": ""Demonstration: 'treated' -> act"", ""source"": ""chunk""}, {""chunk_index"": 1, ""note"": ""Demonstration: 'fought' -> abo"", ""source"": ""chunk""}, {""chunk_index"": 1, ""note"": ""Demonstration: 'competition' -> ade"", ""source"": ""chunk""}, {""chunk_index"": 1, ""note"": ""Demonstration: 'statement' -> agc"", ""source"": ""chunk""}, {""chunk_index"": 1, ""note"": ""Demonstration: 'decided' -> adg"", ""source"": ""chunk""}, {""chunk_index"": 8, ""note"": ""Demonstration: 'fell' -> aby"", ""source"": ""chunk""}, {""chunk_index"": 8, ""note"": ""Demonstration: 'chose' -> afv"", ""source"": ""chunk""}, {""chunk_index"": 8, ""note"": ""Demonstration: 'suspected' -> abf"", ""source"": ""chunk""}, {""chunk_index"": 8, ""note"": ""Demonstration: 'joined' -> age"", ""source"": ""chunk""}, {""chunk_index"": 8, ""note"": ""Demonstration: 'stolen' -> afd"", ""source"": ""chunk""}, {""chunk_index"": 8, ""note"": ""Demonstration: 'surrounded' -> ach"", ""source"": ""chunk""}, {""chunk_index"": 8, ""note"": ""Demonstration: 'leaked' -> adj"", ""source"": ""chunk""}, {""chunk_index"": 8, ""note"": ""Demonstration: 'besieged' -> aaf"", ""source"": ""chunk""}, {""chunk_index"": 7, ""note"": ""Demonstration: 'provided' -> agg"", ""source"": ""chunk""}], ""visited_chunks"": [3, 0, 4, 10, 2, 12, 11, 5, 1, 8, 7, 9, 6]}"
6728586bbb02136c067d8f4f__original,6728586bbb02136c067d8f4f__original,6728586bbb02136c067d8f4f,6728586bbb02136c067d8f4f__original,original,Which Q131499 team member with uniform number 11 scored 53 points?,C,C,C,C,Q48410,Q344983,Q922118,Q11869,cache,88916,645487,88916,10,,True,3,,True,3,strict,8,iterative,9,0.5,1.0,4,0,1536,1.0,60000,16000,faiss_ranked_ordering_document_order,10000,1000,10000,2000,Qwen/Qwen3.6-35B-A3B,"Given a multiple-choice question, retrieve chunks containing evidence, demonstrations, mappings, or facts needed to answer it.",8,8192,0.2,4,8192,5,,True,28,miss,false,False,miss,True,76905.406,563585.335,0.0,4.357,486675.453,76905.406,0.0,31,414447,9489,0.0,28,28,False,0,False,,,,28,0,"[14, 2, 0, 1, 9, 15, 10, 16, 19, 17, 8, 20, 23, 26, 27, 3, 24, 4, 25, 18, 11, 6, 22, 13, 5, 7, 12, 21]",28,14,28,28,28,28,28,False,False,False,answer_not_found,"[14, 2, 0, 1, 9, 15, 10, 16, 19, 17, 8, 20, 23, 26, 27, 3, 24, 4, 25, 18, 11, 6, 22, 13, 5, 7, 12, 21]","[0, 1, 2, 3, 4, 5, 6, 7, 8, 9, 10, 11, 12, 13, 14, 15, 16, 17, 18, 19, 20, 21, 22, 23, 24, 25, 26, 27]",28,1,0,,C,"The ledger explicitly states in multiple chunks (4, 5, 8) that entity Q922118 is a member of sports team Q131499, has a sport number of 11, and scored 53 points. This matches all criteria in the question. Other options are either not members of Q131499 (Q48410, Q11869) or lack the uniform number 11 (Q344983).","{ ""answer"": ""C"", ""reason"": ""The ledger explicitly states in multiple chunks (4, 5, 8) that entity Q922118 is a member of sports team Q131499, has a sport number of 11, and scored 53 points. This matches all criteria in the question. Other options are either not members of Q131499 (Q48410, Q11869) or lack the uniform number 11 (Q344983)."", ""needs_more_context"": false }",63,6968,28,33,3,0,33,3,28,0,"{""best_choice"": ""C"", ""best_choice_rationale"": ""The answer remains C (Q922118) based on previous chunks (4, 5, 8) which established that Q922118 is a member of Q131499, has sport number 11, and scored 53 points. Chunk 21 provides no new relevant information."", ""code_mappings"": [{""chunk_index"": 8, ""code"": ""c"", ""example"": ""Q922118 matches the criteria: member of Q131499, sport number 11, 53 points."", ""relation"": ""entity_match""}, {""chunk_index"": 4, ""code"": ""c"", ""example"": ""Q922118 matches all criteria: member of Q131499, sport number 11, 53 points."", ""relation"": ""entity_match""}, {""chunk_index"": 5, ""code"": ""c"", ""example"": ""Q922118 matches all criteria: member of Q131499, sport number 11, 53 points."", ""relation"": ""entity_match""}], ""memory"": ""[chunk 14] Chunk 14 contains data for Q131499 (Republic of Ireland national football team) showing FIFA rankings and member relations. It lists Dean Saunders (Q545303) as a member of Q131499 with 5 goals, but does not mention uniform number 11 or 5...\n[chunk 2] Chunk 2 contains entity Q5084755 (Charlie Daniels) with sport number 11. However, his team memberships (Q19568, Q48943, Q48935, Q19595, Q18741) do not include Q131499, and his points scored are low (1, 1, 0, 2, 0, 2). The chunk also cont...\n[chunk 0] Chunk 0 contains only ontology/classification data (subclassOf relations) for various concepts (music genres, films, professions, etc.). It does not contain any specific entity data for Q131499, Q48410, Q344983, Q922118, or Q11869, nor d...\n[chunk 1] Chunk 1 contains only ontology/classification data (subclassOf relations) for various concepts (music genres, films, professions, etc.). It does not contain any specific entity data for Q131499, Q48410, Q344983, Q922118, or Q11869, nor d...\n[chunk 9] [chunk 9] Chunk 9 contains data for entity Q1088 (Babyface, Q344983). It shows a 'member of sports team' relation to Q131499 (Republic of Ireland national football team) with 53 points scored between 2012/1/1 and 2015/1/1. However, Q3449...\n[chunk 15] [chunk 15] Chunk 15 contains data for entity Q8087 (geometry) and others, but the beginning of the chunk lists 'member of sports team' relations for an unnamed entity (likely continuing from previous chunk context, possibly Q545303 Dean...\n[chunk 10] [chunk 10] Chunk 10 contains data for Q7408350 (Sam Wood) with sport number 11. However, his team memberships are Q48953, Q19571, and Q48950, none of which are Q131499. His points scored are 4, 1, and 0 respectively, not 53. The chunk al...\n[chunk 16] Chunk 16 contains data for entities Q1250525 (Luther), Q2023 (Nunavut), Q40535273 (Max Fleischer), Q469945 (Naseeruddin Shah), Q2062448 (Paul Simon - German), Q343463 (Mark Williams), Q861764 (CBS News), Q4028 (Paul Simon - American), Q4...\n[chunk 19] Chunk 19 contains demographic, economic, and diplomatic data for Slovenia (Q9067). It does not contain any information regarding Q131499 (Republic of Ireland national football team), uniform number 11, or 53 points scored by any team mem...\n[chunk 17] Chunk 17 contains data for various entities including Q48958 (Neuilly-sur-Seine), Q1201513 (University of Otago), Q7153617 (Paul Simon), Q616679 (mathcore), Q585 (Oslo), Q6245147 (John Logan), Q12792 (Vaucluse), Q1144312 (passenger car),...\n[chunk 8] [chunk 8] Chunk 8 contains data for entity Q922118 (Lima). It shows 'sport number' is 11. It has a 'member of sports team' relation to Q131499 (Republic of Ireland national football team) with 53 points scored between 2012/1/1 and 2015/1...\n[chunk 20] Chunk 20 contains data for Slovenia (Q9067) diplomatic relations, borders, and other entities like Paul Simon (Q3372205), Akira Toriyama (Q208582), William Friedkin (Q51582), and Simon Cowell (Q162629). It does not contain any informatio...\n[chunk 23] Chunk 23 contains data for entities Q18656, Q2842560, Q1217715, Q3495284, Q309486, Q1339305, Q48410 (Richard Gere), Q102225, Q93788, Q5231985 (David Byrne). It lists sports team memberships for Q5231985 (David Byrne) with various point t...\n[chunk 26] Chunk 26 contains data for North Korea (diplomatic relations, life expectancy), Milwaukee Admirals (Q1267828), Bandai Co., Ltd. (Q507269), and Cheltenham Town F.C. (Q48932). It does not contain any information regarding Q131499 (Republic...\n[chunk 27] Chunk 27 contains data for Q11869 (William Henry Harrison), confirming he is a US President (head of government) and not a footballer. It also contains data for Q48932 (Cheltenham Town F.C.) and Q849656 (End of Days). No new information...\n[chunk 3] Chunk 3 contains data for Q201885 (Theofanis Gekas) with sport number 11, but his team memberships (Q19604, Q4122219, Q105861) do not include Q131499, and his points scored are 0, 23, and 20 respectively, not 53. The chunk also contains...\n[chunk 24] Chunk 24 contains data for David Byrne (Q5231985), The Interpreter (Q47793419), Alvin and the Chipmunks: The Squeakquel (Q378311), Prince (Q7542), and North Korea (Q423). None of these entities are Q48410, Q344983, Q922118, or Q11869, no...\n[chunk 4] [chunk 4] Chunk 4 contains data for Q131499 (S.L. Benfica). It lists Q922118 as a member of sports team Q131499 with 53 points scored between 2012/1/1 and 2015/1/1. This confirms the data found in Chunk 8 regarding Q922118's membership a...\n[chunk 25] Chunk 25 contains demographic, diplomatic, and identification data for North Korea (Q423). It does not contain any information regarding Q131499, uniform number 11, or 53 points scored by any team member.\n[chunk 18] Chunk 18 contains data for Jon Hamm (Q313107), William Kiernan (Q574452), the film Young Adam (Q1121256), and demographic/economic data for Slovenia (Q215). It does not contain any information regarding Q131499, uniform number 11, or 53...\n[chunk 11] Chunk 11 contains only FIFA ranking data (rankings 14-34) with dates and points for a team, but does not mention Q131499 members, uniform numbers, or specific player scores like 53 points. It does not update the evidence for the target q...\n[chunk 6] Chunk 6 contains only FIFA ranking data (rankings 14-35) with dates and points for a team, but does not mention Q131499 members, uniform numbers, or specific player scores like 53 points. It does not update the evidence for the target qu...\n[chunk 22] Chunk 22 contains data for entities Q318651 (Mr. & Mrs. Smith), Q233854 (Rosalind Russell), Q38337 (Alexandre Dumas), Q1536003 (Philips), Q2043175 (hyphy), Q1874622 (James E. Reilly), Q5310496 (Dubai), Q336640 (David Byrne), Q5231982 (Da...\n[chunk 13] Chunk 13 contains only FIFA World Rankings data (rankings and points for the team Q131499 over various dates). It does not contain information about specific team members, uniform numbers, or individual player scores.\n[chunk 5] [chunk 5] Chunk 5 confirms Q131499 is S.L. Benfica. It lists Q922118 as a member of Q131499 with 53 points scored between 2012/1/1 and 2015/1/1. This corroborates previous findings that Q922118 matches the criteria for the target question.\n[chunk 7] Chunk 7 contains only FIFA World Rankings data (rankings and points for a team over various dates). It does not contain information about specific team members, uniform numbers, or individual player scores like 53 points for Q131499.\n[chunk 12] Chunk 12 contains only FIFA World Rankings data (rankings and points for a team over various dates). It does not contain information about specific team members, uniform numbers, or individual player scores like 53 points for Q131499.\n[chunk 21] Chunk 21 contains data for William Friedkin (Q51582), Simon Cowell (Q162629), comedian (Q245068), and Mr. & Mrs. Smith (Q318651). None of these entities are Q131499, Q48410, Q344983, Q922118, or Q11869, nor do they contain information ab..."", ""memory_updates"": [{""chunk_index"": 14, ""note"": ""Chunk 14 contains data for Q131499 (Republic of Ireland national football team) showing FIFA rankings and member relations. It lists Dean Saunders (Q545303) as a member of Q131499 with 5 goals, but does not mention uniform number 11 or 5...""}, {""chunk_index"": 2, ""note"": ""Chunk 2 contains entity Q5084755 (Charlie Daniels) with sport number 11. However, his team memberships (Q19568, Q48943, Q48935, Q19595, Q18741) do not include Q131499, and his points scored are low (1, 1, 0, 2, 0, 2). The chunk also cont...""}, {""chunk_index"": 0, ""note"": ""Chunk 0 contains only ontology/classification data (subclassOf relations) for various concepts (music genres, films, professions, etc.). It does not contain any specific entity data for Q131499, Q48410, Q344983, Q922118, or Q11869, nor d...""}, {""chunk_index"": 1, ""note"": ""Chunk 1 contains only ontology/classification data (subclassOf relations) for various concepts (music genres, films, professions, etc.). It does not contain any specific entity data for Q131499, Q48410, Q344983, Q922118, or Q11869, nor d...""}, {""chunk_index"": 9, ""note"": ""[chunk 9] Chunk 9 contains data for entity Q1088 (Babyface, Q344983). It shows a 'member of sports team' relation to Q131499 (Republic of Ireland national football team) with 53 points scored between 2012/1/1 and 2015/1/1. However, Q3449...""}, {""chunk_index"": 15, ""note"": ""[chunk 15] Chunk 15 contains data for entity Q8087 (geometry) and others, but the beginning of the chunk lists 'member of sports team' relations for an unnamed entity (likely continuing from previous chunk context, possibly Q545303 Dean...""}, {""chunk_index"": 10, ""note"": ""[chunk 10] Chunk 10 contains data for Q7408350 (Sam Wood) with sport number 11. However, his team memberships are Q48953, Q19571, and Q48950, none of which are Q131499. His points scored are 4, 1, and 0 respectively, not 53. The chunk al...""}, {""chunk_index"": 16, ""note"": ""Chunk 16 contains data for entities Q1250525 (Luther), Q2023 (Nunavut), Q40535273 (Max Fleischer), Q469945 (Naseeruddin Shah), Q2062448 (Paul Simon - German), Q343463 (Mark Williams), Q861764 (CBS News), Q4028 (Paul Simon - American), Q4...""}, {""chunk_index"": 19, ""note"": ""Chunk 19 contains demographic, economic, and diplomatic data for Slovenia (Q9067). It does not contain any information regarding Q131499 (Republic of Ireland national football team), uniform number 11, or 53 points scored by any team mem...""}, {""chunk_index"": 17, ""note"": ""Chunk 17 contains data for various entities including Q48958 (Neuilly-sur-Seine), Q1201513 (University of Otago), Q7153617 (Paul Simon), Q616679 (mathcore), Q585 (Oslo), Q6245147 (John Logan), Q12792 (Vaucluse), Q1144312 (passenger car),...""}, {""chunk_index"": 8, ""note"": ""[chunk 8] Chunk 8 contains data for entity Q922118 (Lima). It shows 'sport number' is 11. It has a 'member of sports team' relation to Q131499 (Republic of Ireland national football team) with 53 points scored between 2012/1/1 and 2015/1...""}, {""chunk_index"": 20, ""note"": ""Chunk 20 contains data for Slovenia (Q9067) diplomatic relations, borders, and other entities like Paul Simon (Q3372205), Akira Toriyama (Q208582), William Friedkin (Q51582), and Simon Cowell (Q162629). It does not contain any informatio...""}, {""chunk_index"": 23, ""note"": ""Chunk 23 contains data for entities Q18656, Q2842560, Q1217715, Q3495284, Q309486, Q1339305, Q48410 (Richard Gere), Q102225, Q93788, Q5231985 (David Byrne). It lists sports team memberships for Q5231985 (David Byrne) with various point t...""}, {""chunk_index"": 26, ""note"": ""Chunk 26 contains data for North Korea (diplomatic relations, life expectancy), Milwaukee Admirals (Q1267828), Bandai Co., Ltd. (Q507269), and Cheltenham Town F.C. (Q48932). It does not contain any information regarding Q131499 (Republic...""}, {""chunk_index"": 27, ""note"": ""Chunk 27 contains data for Q11869 (William Henry Harrison), confirming he is a US President (head of government) and not a footballer. It also contains data for Q48932 (Cheltenham Town F.C.) and Q849656 (End of Days). No new information...""}, {""chunk_index"": 3, ""note"": ""Chunk 3 contains data for Q201885 (Theofanis Gekas) with sport number 11, but his team memberships (Q19604, Q4122219, Q105861) do not include Q131499, and his points scored are 0, 23, and 20 respectively, not 53. The chunk also contains...""}, {""chunk_index"": 24, ""note"": ""Chunk 24 contains data for David Byrne (Q5231985), The Interpreter (Q47793419), Alvin and the Chipmunks: The Squeakquel (Q378311), Prince (Q7542), and North Korea (Q423). None of these entities are Q48410, Q344983, Q922118, or Q11869, no...""}, {""chunk_index"": 4, ""note"": ""[chunk 4] Chunk 4 contains data for Q131499 (S.L. Benfica). It lists Q922118 as a member of sports team Q131499 with 53 points scored between 2012/1/1 and 2015/1/1. This confirms the data found in Chunk 8 regarding Q922118's membership a...""}, {""chunk_index"": 25, ""note"": ""Chunk 25 contains demographic, diplomatic, and identification data for North Korea (Q423). It does not contain any information regarding Q131499, uniform number 11, or 53 points scored by any team member.""}, {""chunk_index"": 18, ""note"": ""Chunk 18 contains data for Jon Hamm (Q313107), William Kiernan (Q574452), the film Young Adam (Q1121256), and demographic/economic data for Slovenia (Q215). It does not contain any information regarding Q131499, uniform number 11, or 53...""}, {""chunk_index"": 11, ""note"": ""Chunk 11 contains only FIFA ranking data (rankings 14-34) with dates and points for a team, but does not mention Q131499 members, uniform numbers, or specific player scores like 53 points. It does not update the evidence for the target q...""}, {""chunk_index"": 6, ""note"": ""Chunk 6 contains only FIFA ranking data (rankings 14-35) with dates and points for a team, but does not mention Q131499 members, uniform numbers, or specific player scores like 53 points. It does not update the evidence for the target qu...""}, {""chunk_index"": 22, ""note"": ""Chunk 22 contains data for entities Q318651 (Mr. & Mrs. Smith), Q233854 (Rosalind Russell), Q38337 (Alexandre Dumas), Q1536003 (Philips), Q2043175 (hyphy), Q1874622 (James E. Reilly), Q5310496 (Dubai), Q336640 (David Byrne), Q5231982 (Da...""}, {""chunk_index"": 13, ""note"": ""Chunk 13 contains only FIFA World Rankings data (rankings and points for the team Q131499 over various dates). It does not contain information about specific team members, uniform numbers, or individual player scores.""}, {""chunk_index"": 5, ""note"": ""[chunk 5] Chunk 5 confirms Q131499 is S.L. Benfica. It lists Q922118 as a member of Q131499 with 53 points scored between 2012/1/1 and 2015/1/1. This corroborates previous findings that Q922118 matches the criteria for the target question.""}, {""chunk_index"": 7, ""note"": ""Chunk 7 contains only FIFA World Rankings data (rankings and points for a team over various dates). It does not contain information about specific team members, uniform numbers, or individual player scores like 53 points for Q131499.""}, {""chunk_index"": 12, ""note"": ""Chunk 12 contains only FIFA World Rankings data (rankings and points for a team over various dates). It does not contain information about specific team members, uniform numbers, or individual player scores like 53 points for Q131499.""}, {""chunk_index"": 21, ""note"": ""Chunk 21 contains data for William Friedkin (Q51582), Simon Cowell (Q162629), comedian (Q245068), and Mr. & Mrs. Smith (Q318651). None of these entities are Q131499, Q48410, Q344983, Q922118, or Q11869, nor do they contain information ab...""}], ""open_questions"": [], ""parse_failures"": [], ""target_facts"": [{""chunk_index"": null, ""note"": ""Answer choices: A=Q48410; B=Q344983; C=Q922118; D=Q11869"", ""source"": ""query""}, {""chunk_index"": null, ""note"": ""Target question: Which Q131499 team member with uniform number 11 scored 53 points?"", ""source"": ""query""}, {""chunk_index"": 14, ""note"": ""Q131499 is the Republic of Ireland national football team."", ""source"": ""chunk""}, {""chunk_index"": 14, ""note"": ""Dean Saunders (Q545303) was a member of Q131499, scoring 5 goals in 17 matches (1998-1999)."", ""source"": ""chunk""}, {""chunk_index"": 14, ""note"": ""The chunk does not contain information about a player with uniform number 11 scoring 53 points."", ""source"": ""chunk""}, {""chunk_index"": 2, ""note"": ""Q5084755 (Charlie Daniels) has sport number 11."", ""source"": ""chunk""}, {""chunk_index"": 2, ""note"": ""Q5084755's team memberships do not include Q131499."", ""source"": ""chunk""}, {""chunk_index"": 2, ""note"": ""Q5084755's points scored in listed teams are 1, 1, 0, 2, 0, 2."", ""source"": ""chunk""}, {""chunk_index"": 2, ""note"": ""Chunk 2 does not contain data for Q48410, Q344983, Q922118, or Q11869 related to Q131499."", ""source"": ""chunk""}, {""chunk_index"": 9, ""note"": ""Entity Q344983 (Babyface) has a relation 'member of sports team' to Q131499 with 53 points scored."", ""source"": ""chunk""}, {""chunk_index"": 9, ""note"": ""Entity Q344983 is a musician (instanceOf Q5), not a footballer, making the sports team data likely erroneous or misattributed in this context."", ""source"": ""chunk""}, {""chunk_index"": 9, ""note"": ""No information about uniform number 11 is present in Chunk 9 for Q344983 or other entities."", ""source"": ""chunk""}, {""chunk_index"": 15, ""note"": ""An entity (likely Q545303) has a 'member of sports team' relation to Q131499 with 5 goals scored."", ""source"": ""chunk""}, {""chunk_index"": 15, ""note"": ""Chunk 15 does not contain information about uniform number 11 or 53 points for any Q131499 member."", ""source"": ""chunk""}, {""chunk_index"": 15, ""note"": ""Chunk 15 does not contain data for Q48410, Q344983, Q922118, or Q11869."", ""source"": ""chunk""}, {""chunk_index"": 10, ""note"": ""Q7408350 (Sam Wood) has sport number 11."", ""source"": ""chunk""}, {""chunk_index"": 10, ""note"": ""Q7408350's team memberships do not include Q131499."", ""source"": ""chunk""}, {""chunk_index"": 10, ""note"": ""Q7408350's points scored are 4, 1, and 0, not 53."", ""source"": ""chunk""}, {""chunk_index"": 10, ""note"": ""Q163547 is the Republic of Ireland national football team."", ""source"": ""chunk""}, {""chunk_index"": 10, ""note"": ""Chunk 10 does not contain data for Q48410, Q344983, Q922118, or Q11869 related to Q131499."", ""source"": ""chunk""}, {""chunk_index"": 8, ""note"": ""Entity Q922118 (Lima) has sport number 11."", ""source"": ""chunk""}, {""chunk_index"": 8, ""note"": ""Entity Q922118 is a member of sports team Q131499 (Republic of Ireland national football team) with 53 points scored."", ""source"": ""chunk""}, {""chunk_index"": 23, ""note"": ""Q48410 is Richard Gere, an actor, with no sports team data for Q131499."", ""source"": ""chunk""}, {""chunk_index"": 23, ""note"": ""Q5231985 (David Byrne) has sports team memberships but no 53 points scored for Q131499."", ""source"": ""chunk""}, {""chunk_index"": 27, ""note"": ""Q11869 is William Henry Harrison, a US President, not a footballer."", ""source"": ""chunk""}, {""chunk_index"": 3, ""note"": ""Q201885 (Theofanis Gekas) has sport number 11."", ""source"": ""chunk""}, {""chunk_index"": 3, ""note"": ""Q201885's team memberships do not include Q131499."", ""source"": ""chunk""}, {""chunk_index"": 3, ""note"": ""Q201885's points scored are 0, 23, and 20, not 53."", ""source"": ""chunk""}, {""chunk_index"": 4, ""note"": ""Q131499 is S.L. Benfica (based on Chunk 4)."", ""source"": ""chunk""}, {""chunk_index"": 4, ""note"": ""Q922118 is a member of Q131499 with 53 points scored (Chunk 4)."", ""source"": ""chunk""}, {""chunk_index"": 4, ""note"": ""Q922118 has sport number 11 (Chunk 8)."", ""source"": ""chunk""}, {""chunk_index"": 5, ""note"": ""Q131499 is S.L. Benfica."", ""source"": ""chunk""}, {""chunk_index"": 5, ""note"": ""Q922118 is a member of Q131499 with 53 points scored."", ""source"": ""chunk""}], ""visited_chunks"": [14, 2, 0, 1, 9, 15, 10, 16, 19, 17, 8, 20, 23, 26, 27, 3, 24, 4, 25, 18, 11, 6, 22, 13, 5, 7, 12, 21]}"
66f3c081821e116aacb2e9fa__original,66f3c081821e116aacb2e9fa__original,66f3c081821e116aacb2e9fa,66f3c081821e116aacb2e9fa__original,original,What future trends do these two reports mainly show?,B,B,D,D,Governments will pay more attention to the challenges of information security and privacy protection,The role of the library will change from the traditional physical publication storage and distribution to the intermediary and manager of electronic information,Increased public trust in government transparency and information,Electronic information distribution will become the mainstream of information dissemination in the future,cache,171829,875897,171829,10,,True,3,,True,3,strict,8,iterative,9,0.5,1.0,4,0,1536,1.0,60000,16000,faiss_ranked_ordering_document_order,10000,1000,10000,2000,Qwen/Qwen3.6-35B-A3B,"Given a multiple-choice question, retrieve chunks containing evidence, demonstrations, mappings, or facts needed to answer it.",8,8192,0.2,4,8192,5,,True,31,miss,false,False,miss,False,95430.149,656220.826,0.0,3.611,560786.93,95430.149,0.0,34,458375,12366,0.0,31,31,False,0,False,,,,31,0,"[20, 15, 21, 29, 11, 18, 26, 14, 28, 10, 27, 19, 30, 12, 22, 6, 13, 17, 0, 16, 4, 5, 7, 1, 3, 2, 25, 8, 9, 23, 24]",31,16,31,31,31,31,31,False,False,False,answer_not_found,"[20, 15, 21, 29, 11, 18, 26, 14, 28, 10, 27, 19, 30, 12, 22, 6, 13, 17, 0, 16, 4, 5, 7, 1, 3, 2, 25, 8, 9, 23, 24]","[0, 1, 2, 3, 5, 6, 8, 9, 10, 11, 12, 13, 14, 15, 17, 18, 20, 21, 22, 23, 24, 26, 27, 28, 29, 30]",31,1,0,,B,"The provided documents consistently describe a shift in the role of depository libraries from traditional physical storage (microfiche, paper) to managing and providing access to electronic information (CD-ROM, online databases, ITIS). Multiple chunks (e.g., 6, 14, 17, 28) explicitly state that libraries are evolving to become intermediaries and managers of these electronic resources, facing new technical and operational challenges. While electronic distribution is growing, Choice D is less supported as the 'mainstream' because the reports indicate that CD-ROM and paper are still preferred or dominant due to cost and usability issues, whereas the change in the library's role is a definitive trend observed across the evaluations. Choices A and C are not supported by the technical evaluation content.","{ ""answer"": ""B"", ""reason"": ""The provided documents consistently describe a shift in the role of depository libraries from traditional physical storage (microfiche, paper) to managing and providing access to electronic information (CD-ROM, online databases, ITIS). Multiple chunks (e.g., 6, 14, 17, 28) explicitly state that libraries are evolving to become intermediaries and managers of these electronic resources, facing new technical and operational challenges. While electronic distribution is growing, Choice D is less supported as the 'mainstream' because the reports indicate that CD-ROM and paper are still preferred or dominant due to cost and usability issues, whereas the change in the library's role is a definitive trend observed across the evaluations. Choices A and C are not suppor...",91,6539,26,64,0,0,64,0,26,0,"{""best_choice"": ""B"", ""best_choice_rationale"": ""The existing evidence strongly supports Choice B. The reports consistently highlight the shift from physical to electronic information management, requiring libraries to adapt their roles to manage electronic resources, interfaces, and access costs. This chunk provides supporting cost data but does not alter the primary trend identified in previous chunks."", ""code_mappings"": [], ""memory"": ""[chunk 20] Chunk 20 contains survey appendices (C, D, E) regarding DOE technical information access. It details library practices for cataloging (using OCLC, online catalogs, CD-ROMs), promotion (online catalogs, instruction), and user difficulties...\n[chunk 15] Chunk 15 details Component I survey results (shared cataloging, ITIS Gateway usage) and introduces Component II (Alternative Media for Full-Text Delivery). It highlights the shift from microfiche to electronic access (ITIS, DIALOG, onlin...\n[chunk 21] [chunk 21] Chunk 21 contains Appendices E, F, G, and H of the DOE/GPO Pilot Project evaluation. It details library feedback on ITIS Gateway, shared cataloging, and database access. Key findings: Libraries face significant technical hurdl...\n[chunk 29] [chunk 29] Appendix N details the technological assessment of alternative media for full-text delivery. It highlights the shift from physical (microfiche/paper) to electronic media (CD-ROM, optical discs, online access). Key findings: Li...\n[chunk 11] [chunk 11] Chunk 11 is the Table of Contents and Background/Component I introduction for the DOE/GPO Pilot Project report. It outlines the survey instruments (Depository Library Use of DOE Microfiche, Technical Evaluation, Final Project...\n[chunk 18] [chunk 18] Chunk 18 provides detailed survey data on library preferences for alternative media (CD-ROM, microfiche, paper, etc.) and cost analysis for CD-ROM vs. microfiche/paper dissemination. It highlights that while CD-ROM is preferre...\n[chunk 26] [chunk 26] Chunk 26 contains Appendix J letters from Oklahoma State Library, University of Minnesota, and West Virginia University, plus the start of Appendix K (Component II Questionnaire). Key findings: 1. Oklahoma State Library found...\n[chunk 14] [chunk 14] Chunk 14 provides detailed survey results for Component I (mid-project and final evaluation). It highlights that libraries found ITIS and shared cataloging technically challenging (format issues, upload difficulties, time cons...\n[chunk 28] [chunk 28] Appendix L and M data details specific library preferences and challenges: 1. Access difficulties with microfiche include poor quality, inadequate indexing, and cost of copies. 2. Libraries are experimenting with optical/compa...\n[chunk 10] Chunk 10 contains appendices (G) listing file directories for the Economic Bulletin Board (Current Business Statistics, Trade Opportunities) and metadata for the 'Scientific and Technical Information Electronic Publications in the Federa...\n[chunk 27] [chunk 27] Chunk 27 contains Appendix K (Questionnaire) and Appendix L (Open-Ended Comments) data. It provides detailed survey statistics on library preferences for alternative media (CD-ROM preferred over online for full text due to cos...\n[chunk 30] [chunk 30] Chunk 30 contains Appendix N references, Appendix O (Acronyms), and Appendix P (Glossary). It defines terms like 'depository library', 'full text', 'optical disc', and 'CD-ROM'. It confirms the context of the DOE/GPO Pilot Pro...\n[chunk 12] [chunk 12] Chunk 12 provides detailed survey data on Component I costs and library practices regarding DOE microfiche. It details billing structures for ITIS usage (subsidized vs. paid), additional library costs (travel, staff), and base...\n[chunk 22] [chunk 22] Chunk 22 contains Appendix G (Survey Data) and Appendix H (Open-Ended Comments) of the DOE/GPO Pilot Project evaluation. It details library satisfaction with ITIS/DIALOG, shared cataloging preferences (magnetic tape vs. online...\n[chunk 6] [chunk 6] Appendix F details proposed projects for electronic dissemination (CD-ROM, online access) to depository libraries. It highlights the shift from physical formats (microfiche/paper) to electronic media (CD-ROM, online databases l...\n[chunk 13] [chunk 13] Chunk 13 contains detailed survey data tables (Tables 14-26) from the DOE/GPO Pilot Project Component I evaluation. It details library usage of DOE microfiche, sources leading to microfiche use, patron behaviors (printing spec...\n[chunk 17] [chunk 17] Chunk 17 provides detailed survey data on library preferences for electronic media (CD-ROM, optical discs, online access) and network usage. Key findings: 1. Libraries strongly prefer CD-ROM for full-text dissemination (70.82%...\n[chunk 0] [chunk 0] Chunk 0 is the beginning of the 'Accessing the Economic Bulletin Board' report (March 1994). It establishes the context: JCP commissioned GPO to test electronic dissemination to depository libraries. It details the EBB Pilot Pr...\n[chunk 5] [chunk 5] Chunk 5 contains Appendix C (Library Survey) and Appendix D (Patron Survey) for the Economic Bulletin Board (EBB) pilot. Key findings: 1. Libraries purchased equipment (modems, printers) to support EBB use. 2. EBB was primarily...\n[chunk 1] Chunk 1 details the EBB system features (user-friendly menus, help, file access) and the study methodology (site selection, survey instruments, data collection process). It confirms the pilot project context: testing electronic dissemina...\n[chunk 3] [chunk 3] Chunk 3 details survey results on EBB overlap with other depository documents (Chart 4-12, Table 4-10), problems encountered (Table 4-11), and cost analysis (Section 5). Key findings: 1. EBB overlaps with documents like CPI, PP...\n[chunk 2] [chunk 2] Chunk 2 details survey response rates, user profiles (staff vs patrons), and Section 4 results on EBB usage, acceptance, and utility. It confirms libraries are integrating EBB into reference services, users find it up-to-date,...\n[chunk 8] [chunk 8] Chunk 8 contains Appendix G of the 'Accessing the Economic Bulletin Board' report. It details the survey methodology for selecting test sites (random vs. discretionary) and provides contact information for the GPO, GAO, and Com...\n[chunk 9] Chunk 9 is a directory listing of files available on the Economic Bulletin Board (EBB), including Federal Reserve data, OBA financial ratios, BEA regional statistics, and Energy Information Administration tables. It confirms the technica...\n[chunk 23] Chunk 23 contains Appendix I data tables detailing specific online, print, and download charges for various libraries (Denver Public Library, Eastern Washington University, Emporia State University, etc.). It provides granular cost data...\n[chunk 24] Chunk 24 contains Appendix I data tables detailing specific online, print, and download charges for various libraries (Texas A&M, University of Colorado, University of Kentucky, University of Massachusetts, University of Minnesota, Unive..."", ""memory_updates"": [{""chunk_index"": 20, ""note"": ""Chunk 20 contains survey appendices (C, D, E) regarding DOE technical information access. It details library practices for cataloging (using OCLC, online catalogs, CD-ROMs), promotion (online catalogs, instruction), and user difficulties...""}, {""chunk_index"": 15, ""note"": ""Chunk 15 details Component I survey results (shared cataloging, ITIS Gateway usage) and introduces Component II (Alternative Media for Full-Text Delivery). It highlights the shift from microfiche to electronic access (ITIS, DIALOG, onlin...""}, {""chunk_index"": 21, ""note"": ""[chunk 21] Chunk 21 contains Appendices E, F, G, and H of the DOE/GPO Pilot Project evaluation. It details library feedback on ITIS Gateway, shared cataloging, and database access. Key findings: Libraries face significant technical hurdl...""}, {""chunk_index"": 29, ""note"": ""[chunk 29] Appendix N details the technological assessment of alternative media for full-text delivery. It highlights the shift from physical (microfiche/paper) to electronic media (CD-ROM, optical discs, online access). Key findings: Li...""}, {""chunk_index"": 11, ""note"": ""[chunk 11] Chunk 11 is the Table of Contents and Background/Component I introduction for the DOE/GPO Pilot Project report. It outlines the survey instruments (Depository Library Use of DOE Microfiche, Technical Evaluation, Final Project...""}, {""chunk_index"": 18, ""note"": ""[chunk 18] Chunk 18 provides detailed survey data on library preferences for alternative media (CD-ROM, microfiche, paper, etc.) and cost analysis for CD-ROM vs. microfiche/paper dissemination. It highlights that while CD-ROM is preferre...""}, {""chunk_index"": 26, ""note"": ""[chunk 26] Chunk 26 contains Appendix J letters from Oklahoma State Library, University of Minnesota, and West Virginia University, plus the start of Appendix K (Component II Questionnaire). Key findings: 1. Oklahoma State Library found...""}, {""chunk_index"": 14, ""note"": ""[chunk 14] Chunk 14 provides detailed survey results for Component I (mid-project and final evaluation). It highlights that libraries found ITIS and shared cataloging technically challenging (format issues, upload difficulties, time cons...""}, {""chunk_index"": 28, ""note"": ""[chunk 28] Appendix L and M data details specific library preferences and challenges: 1. Access difficulties with microfiche include poor quality, inadequate indexing, and cost of copies. 2. Libraries are experimenting with optical/compa...""}, {""chunk_index"": 10, ""note"": ""Chunk 10 contains appendices (G) listing file directories for the Economic Bulletin Board (Current Business Statistics, Trade Opportunities) and metadata for the 'Scientific and Technical Information Electronic Publications in the Federa...""}, {""chunk_index"": 27, ""note"": ""[chunk 27] Chunk 27 contains Appendix K (Questionnaire) and Appendix L (Open-Ended Comments) data. It provides detailed survey statistics on library preferences for alternative media (CD-ROM preferred over online for full text due to cos...""}, {""chunk_index"": 30, ""note"": ""[chunk 30] Chunk 30 contains Appendix N references, Appendix O (Acronyms), and Appendix P (Glossary). It defines terms like 'depository library', 'full text', 'optical disc', and 'CD-ROM'. It confirms the context of the DOE/GPO Pilot Pro...""}, {""chunk_index"": 12, ""note"": ""[chunk 12] Chunk 12 provides detailed survey data on Component I costs and library practices regarding DOE microfiche. It details billing structures for ITIS usage (subsidized vs. paid), additional library costs (travel, staff), and base...""}, {""chunk_index"": 22, ""note"": ""[chunk 22] Chunk 22 contains Appendix G (Survey Data) and Appendix H (Open-Ended Comments) of the DOE/GPO Pilot Project evaluation. It details library satisfaction with ITIS/DIALOG, shared cataloging preferences (magnetic tape vs. online...""}, {""chunk_index"": 6, ""note"": ""[chunk 6] Appendix F details proposed projects for electronic dissemination (CD-ROM, online access) to depository libraries. It highlights the shift from physical formats (microfiche/paper) to electronic media (CD-ROM, online databases l...""}, {""chunk_index"": 13, ""note"": ""[chunk 13] Chunk 13 contains detailed survey data tables (Tables 14-26) from the DOE/GPO Pilot Project Component I evaluation. It details library usage of DOE microfiche, sources leading to microfiche use, patron behaviors (printing spec...""}, {""chunk_index"": 17, ""note"": ""[chunk 17] Chunk 17 provides detailed survey data on library preferences for electronic media (CD-ROM, optical discs, online access) and network usage. Key findings: 1. Libraries strongly prefer CD-ROM for full-text dissemination (70.82%...""}, {""chunk_index"": 0, ""note"": ""[chunk 0] Chunk 0 is the beginning of the 'Accessing the Economic Bulletin Board' report (March 1994). It establishes the context: JCP commissioned GPO to test electronic dissemination to depository libraries. It details the EBB Pilot Pr...""}, {""chunk_index"": 5, ""note"": ""[chunk 5] Chunk 5 contains Appendix C (Library Survey) and Appendix D (Patron Survey) for the Economic Bulletin Board (EBB) pilot. Key findings: 1. Libraries purchased equipment (modems, printers) to support EBB use. 2. EBB was primarily...""}, {""chunk_index"": 1, ""note"": ""Chunk 1 details the EBB system features (user-friendly menus, help, file access) and the study methodology (site selection, survey instruments, data collection process). It confirms the pilot project context: testing electronic dissemina...""}, {""chunk_index"": 3, ""note"": ""[chunk 3] Chunk 3 details survey results on EBB overlap with other depository documents (Chart 4-12, Table 4-10), problems encountered (Table 4-11), and cost analysis (Section 5). Key findings: 1. EBB overlaps with documents like CPI, PP...""}, {""chunk_index"": 2, ""note"": ""[chunk 2] Chunk 2 details survey response rates, user profiles (staff vs patrons), and Section 4 results on EBB usage, acceptance, and utility. It confirms libraries are integrating EBB into reference services, users find it up-to-date,...""}, {""chunk_index"": 8, ""note"": ""[chunk 8] Chunk 8 contains Appendix G of the 'Accessing the Economic Bulletin Board' report. It details the survey methodology for selecting test sites (random vs. discretionary) and provides contact information for the GPO, GAO, and Com...""}, {""chunk_index"": 9, ""note"": ""Chunk 9 is a directory listing of files available on the Economic Bulletin Board (EBB), including Federal Reserve data, OBA financial ratios, BEA regional statistics, and Energy Information Administration tables. It confirms the technica...""}, {""chunk_index"": 23, ""note"": ""Chunk 23 contains Appendix I data tables detailing specific online, print, and download charges for various libraries (Denver Public Library, Eastern Washington University, Emporia State University, etc.). It provides granular cost data...""}, {""chunk_index"": 24, ""note"": ""Chunk 24 contains Appendix I data tables detailing specific online, print, and download charges for various libraries (Texas A&M, University of Colorado, University of Kentucky, University of Massachusetts, University of Minnesota, Unive...""}], ""open_questions"": [], ""parse_failures"": [], ""target_facts"": [{""chunk_index"": 14, ""note"": ""The role of libraries is evolving to manage and integrate electronic resources, requiring new skills and resources."", ""source"": ""chunk""}, {""chunk_index"": 14, ""note"": ""Choice B (role change to intermediary/manager) is supported by the emphasis on the operational challenges and adaptation required for electronic information management."", ""source"": ""chunk""}, {""chunk_index"": 28, ""note"": ""Libraries face significant technical and financial barriers (cost of equipment, software, training) in adopting electronic full-text dissemination."", ""source"": ""chunk""}, {""chunk_index"": 28, ""note"": ""There is a clear trend towards preferring online systems and electronic media (CD-ROM, optical discs) over physical formats (microfiche, paper) for access and storage efficiency."", ""source"": ""chunk""}, {""chunk_index"": 28, ""note"": ""The role of libraries is shifting to managing these complex electronic resources, requiring new skills and infrastructure."", ""source"": ""chunk""}, {""chunk_index"": 28, ""note"": ""Choice B (role change to intermediary/manager) is supported by the emphasis on libraries needing to adapt to electronic formats, manage access costs/interfaces, and provide instruction."", ""source"": ""chunk""}, {""chunk_index"": 28, ""note"": ""Choice D (electronic distribution becoming mainstream) is supported by the preference for online systems and the technical assessment of storage needs, though currently hindered by cost and usability issues."", ""source"": ""chunk""}, {""chunk_index"": 27, ""note"": ""Libraries prefer CD-ROM and paper over online full-text dissemination due to cost, ease of use, and technical barriers."", ""source"": ""chunk""}, {""chunk_index"": 27, ""note"": ""Microfiche access difficulties include poor quality, inadequate indexing, and high copy costs."", ""source"": ""chunk""}, {""chunk_index"": 27, ""note"": ""Libraries are adopting PCs and LANs but face challenges with remote online access (modems, compatibility)."", ""source"": ""chunk""}, {""chunk_index"": 27, ""note"": ""The role of libraries involves managing diverse media (CD-ROM, microfiche, online) and providing user support."", ""source"": ""chunk""}, {""chunk_index"": 27, ""note"": ""Choice B is supported by the emphasis on libraries adapting to manage electronic resources (CD-ROM, online) and the operational challenges involved."", ""source"": ""chunk""}, {""chunk_index"": 27, ""note"": ""Choice D is less supported as online full-text is not yet mainstream; CD-ROM is the preferred electronic medium for full text."", ""source"": ""chunk""}, {""chunk_index"": 30, ""note"": ""Appendix P defines 'depository library' as a participant in the Federal Depository Library Program receiving government publications for public access."", ""source"": ""chunk""}, {""chunk_index"": 30, ""note"": ""Appendix P defines 'full text' as the complete text of a document, usually in electronic form."", ""source"": ""chunk""}, {""chunk_index"": 30, ""note"": ""Appendix P defines 'optical disc' and 'CD-ROM' as media for data storage and distribution."", ""source"": ""chunk""}, {""chunk_index"": 12, ""note"": ""Component I costs included subsidized online time for libraries, with libraries paying for records downloaded/printed."", ""source"": ""chunk""}, {""chunk_index"": 12, ""note"": ""Libraries incurred additional costs for training, travel, and staff time to manage electronic resources."", ""source"": ""chunk""}, {""chunk_index"": 12, ""note"": ""Baseline practices show microfiche was stored in main or branch libraries, with staff assisting patrons."", ""source"": ""chunk""}, {""chunk_index"": 12, ""note"": ""Patron requests for STI were frequent, with many libraries receiving 50+ requests per week."", ""source"": ""chunk""}, {""chunk_index"": 12, ""note"": ""In-house online catalogs were the most frequently searched source to find information, though they often did not lead directly to microfiche due to lack of cataloging."", ""source"": ""chunk""}, {""chunk_index"": 12, ""note"": ""Energy Research Abstracts (ERA) and DOE Energy on DIALOG were key sources leading patrons to DOE microfiche."", ""source"": ""chunk""}, {""chunk_index"": 22, ""note"": ""Libraries prefer DIALOG over ITIS due to familiarity, ease of use, and better search strategies (Boolean logic)."", ""source"": ""chunk""}, {""chunk_index"": 22, ""note"": ""Shared cataloging is considered valuable but faces significant technical barriers (non-standard MARC, lack of load programs)."", ""source"": ""chunk""}, {""chunk_index"": 22, ""note"": ""Libraries are actively managing electronic resources (ITIS, DIALOG, shared cataloging) but face cost and technical hurdles."", ""source"": ""chunk""}, {""chunk_index"": 22, ""note"": ""The role of libraries involves integrating these electronic resources into local systems (OPAC) to improve access, supporting the shift from physical to electronic management."", ""source"": ""chunk""}, {""chunk_index"": 6, ""note"": ""Libraries are shifting from physical storage (microfiche/paper) to electronic media (CD-ROM, online) due to cost and accessibility improvements."", ""source"": ""chunk""}, {""chunk_index"": 6, ""note"": ""The role of libraries is evolving to manage electronic resources, provide user-friendly interfaces, and facilitate online access rather than just distributing physical copies."", ""source"": ""chunk""}, {""chunk_index"": 6, ""note"": ""Online access via fiber optics and live optical disc systems is identified as the future trend for full-text dissemination, reducing the need for physical distribution."", ""source"": ""chunk""}, {""chunk_index"": 6, ""note"": ""Choice B (role change to intermediary/manager of electronic info) is supported by the emphasis on libraries needing to adapt to electronic formats, provide search capabilities, and manage access costs/interfaces."", ""source"": ""chunk""}, {""chunk_index"": 6, ""note"": ""Choice D (electronic distribution becoming mainstream) is supported by the prediction that online systems will eventually replace physical distribution, though currently CD-ROM is preferred."", ""source"": ""chunk""}, {""chunk_index"": 6, ""note"": ""There is no clear indication of 'increased public trust' or 'government attention to security/privacy' in these technical evaluation reports."", ""source"": ""chunk""}, {""chunk_index"": 13, ""note"": ""Libraries face access difficulties primarily because patrons are unaware of microfiche availability or dislike the format."", ""source"": ""chunk""}, {""chunk_index"": 13, ""note"": ""Patrons often print specific pages or references from microfiche rather than the entire report."", ""source"": ""chunk""}, {""chunk_index"": 13, ""note"": ""Mid-project evaluation of ITIS showed it was generally easy to use, but downloading shared cataloging records was time-consuming and difficult."", ""source"": ""chunk""}, {""chunk_index"": 13, ""note"": ""The Energy Science and Technology Database was considered useful by many, providing up-to-date and computer-readable information."", ""source"": ""chunk""}, {""chunk_index"": 13, ""note"": ""Most libraries did not catalog DOE microfiche prior to the project due to lack of staff, cost, and time."", ""source"": ""chunk""}, {""chunk_index"": 13, ""note"": ""Libraries promote DOE microfiche through instruction, online catalogs, CD-ROMs, and word of mouth."", ""source"": ""chunk""}, {""chunk_index"": 17, ""note"": ""Libraries prefer CD-ROM (70.82% current use) and paper over online full-text dissemination due to cost and ease of use."", ""source"": ""chunk""}, {""chunk_index"": 17, ""note"": ""63% of libraries have workstations accessing local or remote networks, with 88% using modems for remote access."", ""source"": ""chunk""}, {""chunk_index"": 17, ""note"": ""Ease of retrieval and user-friendliness are the most important factors for selecting user interfaces for full-text information."", ""source"": ""chunk""}, {""chunk_index"": 17, ""note"": ""Libraries are actively managing multiple media types (microfiche, CD-ROM, online, paper), indicating a shift in their role to information managers/intermediaries."", ""source"": ""chunk""}, {""chunk_index"": 17, ""note"": ""Choice B is supported by the evidence that libraries are adapting to manage electronic resources (CD-ROM, online) and the operational challenges involved."", ""source"": ""chunk""}, {""chunk_index"": 17, ""note"": ""Choice D is less supported as the primary 'mainstream' for full text currently, as CD-ROM and paper remain dominant, though online access is growing."", ""source"": ""chunk""}, {""chunk_index"": 0, ""note"": ""The report evaluates the feasibility of disseminating electronic government information to depository libraries."", ""source"": ""chunk""}, {""chunk_index"": 0, ""note"": ""The EBB Pilot Project provided online access to economic data, representing a shift from traditional physical formats."", ""source"": ""chunk""}, {""chunk_index"": 0, ""note"": ""Libraries encountered problems with user-friendliness and search capabilities, requiring staff training and integration efforts."", ""source"": ""chunk""}, {""chunk_index"": 0, ""note"": ""The project highlights the evolving role of libraries in managing and providing access to electronic information."", ""source"": ""chunk""}, {""chunk_index"": 0, ""note"": ""Choice B is supported by the emphasis on libraries adapting to manage electronic resources (online access) and the operational challenges involved."", ""source"": ""chunk""}, {""chunk_index"": 0, ""note"": ""Choice D is supported by the prediction that electronic dissemination is the future, though currently facing adoption hurdles."", ""source"": ""chunk""}, {""chunk_index"": 5, ""note"": ""Libraries are acquiring electronic information (EBB) that is more current than traditional depository publications."", ""source"": ""chunk""}, {""chunk_index"": 5, ""note"": ""Libraries face technical and staffing challenges in managing electronic formats like EBB."", ""source"": ""chunk""}, {""chunk_index"": 5, ""note"": ""The GPO plan (Appendix F) indicates a strategic shift towards electronic dissemination (CD-ROM, online) to depository libraries."", ""source"": ""chunk""}, {""chunk_index"": 5, ""note"": ""The role of libraries is expanding to include managing and providing access to electronic databases, not just physical storage."", ""source"": ""chunk""}, {""chunk_index"": 3, ""note"": ""EBB overlaps with traditional depository documents (CPI, PPI, etc.) but is not widely accepted as a substitute for them."", ""source"": ""chunk""}, {""chunk_index"": 3, ""note"": ""Major barriers to EBB use include lack of user-friendliness, poor documentation, and insufficient staff expertise."", ""source"": ""chunk""}, {""chunk_index"": 3, ""note"": ""Libraries incurred significant staff costs for setting up and training, supporting the shift in library role to information managers."", ""source"": ""chunk""}, {""chunk_index"": 3, ""note"": ""Cost was not a primary restriction for most users, with many willing to pay for access, indicating potential for electronic dissemination."", ""source"": ""chunk""}, {""chunk_index"": 3, ""note"": ""Choice B is supported by the emphasis on libraries managing electronic resources (EBB) and the associated operational challenges (staffing, training, technical issues)."", ""source"": ""chunk""}, {""chunk_index"": 2, ""note"": ""Libraries are integrating EBB into reference services, with 56% using it for this purpose."", ""source"": ""chunk""}, {""chunk_index"": 2, ""note"": ""Users find EBB information more up-to-date (91% offline, high online agreement) but usability and documentation are major problems."", ""source"": ""chunk""}, {""chunk_index"": 2, ""note"": ""Libraries incur staff and equipment costs to support EBB access, indicating a shift in library role to information managers/intermediaries."", ""source"": ""chunk""}, {""chunk_index"": 2, ""note"": ""EBB is not widely accepted as a substitute for traditional depository documents (e.g., CPI, PPI) despite some overlap."", ""source"": ""chunk""}, {""chunk_index"": 2, ""note"": ""Choice B is supported by the evidence of libraries adapting to manage electronic resources and the associated operational challenges."", ""source"": ""chunk""}], ""visited_chunks"": [20, 15, 21, 29, 11, 18, 26, 14, 28, 10, 27, 19, 30, 12, 22, 6, 13, 17, 0, 16, 4, 5, 7, 1, 3, 2, 25, 8, 9, 23, 24]}"
6718a43fbb02136c067d3ca8__original,6718a43fbb02136c067d3ca8__original,6718a43fbb02136c067d3ca8,6718a43fbb02136c067d3ca8__original,original,Which of the following user was satisfied with the help of the assistant and the conversations was very pleasant?,B,B,B,B,The user who asked about painkillers.,The user who was looking for some new musicals to watch.,"The user who asked for comparing and contrasting New Statesman's coverage of Brexit, climate change, and social justice to other news sources.",The user who asked for standout performances on individual tracks of the album.,cache,104835,555289,104835,10,,True,3,,True,3,strict,8,iterative,9,0.5,1.0,4,0,1536,1.0,60000,16000,faiss_ranked_ordering_document_order,10000,1000,10000,2000,Qwen/Qwen3.6-35B-A3B,"Given a multiple-choice question, retrieve chunks containing evidence, demonstrations, mappings, or facts needed to answer it.",8,8192,0.2,4,8192,5,,True,15,miss,false,False,miss,True,50012.663,292384.485,0.0,3.077,242368.633,50012.663,0.0,18,202375,6814,0.0,15,15,False,0,False,,,,15,0,"[0, 7, 1, 5, 3, 4, 2, 14, 6, 9, 11, 12, 8, 10, 13]",15,8,15,15,15,15,15,False,False,False,answer_not_found,"[0, 7, 1, 5, 3, 4, 2, 14, 6, 9, 11, 12, 8, 10, 13]","[0, 1, 2, 3, 4, 5, 6, 7, 9, 10, 11, 12, 13, 14]",15,1,0,,B,"The ledger explicitly states in target_facts for chunk 12 that the user asking for new musicals (Choice B) was enthusiastic and expressed satisfaction ('That sounds amazing!', 'Thanks for the recommendations!'), and the conversation tone was positive and pleasant. In contrast, chunk 9 indicates the user asking for album track performances (Choice D) was frustrated and called the assistant 'robotic'. The ledger's best_choice_rationale confirms B is the best supported choice.","{ ""answer"": ""B"", ""reason"": ""The ledger explicitly states in target_facts for chunk 12 that the user asking for new musicals (Choice B) was enthusiastic and expressed satisfaction ('That sounds amazing!', 'Thanks for the recommendations!'), and the conversation tone was positive and pleasant. In contrast, chunk 9 indicates the user asking for album track performances (Choice D) was frustrated and called the assistant 'robotic'. The ledger's best_choice_rationale confirms B is the best supported choice."", ""needs_more_context"": false }",74,3517,14,61,0,2,61,0,14,0,"{""best_choice"": ""B"", ""best_choice_rationale"": ""Choice B (musicals) was previously identified in Chunk 12 as having explicit satisfaction markers ('That sounds amazing!', 'Thanks for the recommendations!'). Chunk 13 discusses musicals but does not show a user interaction with satisfaction markers for that specific topic. Choices A, C, and D remain unverified for satisfaction in this chunk, and D was previously eliminated due to dissatisfaction. B remains the best supported choice."", ""code_mappings"": [], ""memory"": ""[chunk 0] Chunk 0 contains multiple conversation sessions. Session 1: User asks about Reaganomics; Assistant provides detailed economic analysis. Session 2: User asks about free mental health clinics; Assistant provides resources and tips for find...\n[chunk 7] Chunk 7 contains multiple conversation sessions. Session 1: User asks about sugar-free baking (stevia, banana bread) and baking tools (silicone mat, pastry brush); Assistant provides detailed tips. Session 2: User asks about locating a c...\n[chunk 1] Chunk 1 contains multiple conversation sessions. Session 1: User asks for website content outlines for Fitclass (trainer and attendee pages, CTAs, headlines, SEO tags). Session 2: User asks for social media content calendar tips for Twit...\n[chunk 5] Chunk 5 contains conversations on: 1) AI surveillance ethics (user expresses comfort with oversight measures); 2) Instagram content planning for a Hawaii vacation (user is enthusiastic, mentions gaining 25 followers, and is happy with ti...\n[chunk 3] Chunk 3 contains conversations on: 1) Ethiopian coffee ceremony (steps, snacks, calendar); 2) Digital product design curriculum (10hrs/week, 12 weeks); 3) Business Model Canvas (blog post, table); 4) Road trip planning to Yellowstone wit...\n[chunk 4] Chunk 4 contains a conversation about planning a road trip to Yellowstone in a Honda Civic, focusing on fuel efficiency, gas rewards (Shell), and car detailing. The user expresses satisfaction with their car service experience ('great ex...\n[chunk 2] Chunk 2 contains conversations about: 1) Researching new home developments (neighborhoods, schools, HOA fees, developers, smart home tech). 2) Anglican Church controversies (women's ordination, LGBTQ+, power structure). 3) Amharic langua...\n[chunk 14] Chunk 14 contains conversations on: 1) Airline miles/credit cards (Chase Sapphire vs Citi Premier); 2) James Bond box office revenue and Asian market performance; 3) Book recommendations for vivid descriptions/metaphors (The Night Circus...\n[chunk 6] Chunk 6 contains conversations on: 1) Car maintenance tips (gas mileage, oil, route planning) and car insurance discounts (user happy with $20 premium decrease); 2) Albatrosses eating plastic (user expresses sadness/frustration but agree...\n[chunk 9] Chunk 9 contains a conversation where a user asks for standout performances on individual tracks of an album. The user becomes frustrated with the assistant's lack of personal opinion, calling it 'robotic' and 'canned', and eventually en...\n[chunk 11] Chunk 11 contains a conversation about implementing a custom system call (`cp_range`) in Linux kernel 2.6.9. The user provides specific technical corrections regarding file paths (`arch/i386/kernel/entry.S` vs `arch/x86/kernel/syscall_ta...\n[chunk 12] Chunk 12 contains a conversation where a user asks for new musicals to watch. The user mentions watching 'Hamilton' twice and is enthusiastic ('humming the tunes', 'blown away'). The assistant provides recommendations like 'In the Height...\n[chunk 10] Chunk 10 contains conversations about personal finance/expense tracking (user is appreciative of tips), sustainable home building materials, solar panel ROI, water conservation/grey water systems, and a creative writing piece about time...\n[chunk 13] Chunk 13 contains conversations about: 1) Musical adaptations (The Devil Wears Prada) and resources for musical theatre news; 2) American Airlines in-flight entertainment, customer service, baggage policy, and insurance; 3) Education acc..."", ""memory_updates"": [{""chunk_index"": 0, ""note"": ""Chunk 0 contains multiple conversation sessions. Session 1: User asks about Reaganomics; Assistant provides detailed economic analysis. Session 2: User asks about free mental health clinics; Assistant provides resources and tips for find...""}, {""chunk_index"": 7, ""note"": ""Chunk 7 contains multiple conversation sessions. Session 1: User asks about sugar-free baking (stevia, banana bread) and baking tools (silicone mat, pastry brush); Assistant provides detailed tips. Session 2: User asks about locating a c...""}, {""chunk_index"": 1, ""note"": ""Chunk 1 contains multiple conversation sessions. Session 1: User asks for website content outlines for Fitclass (trainer and attendee pages, CTAs, headlines, SEO tags). Session 2: User asks for social media content calendar tips for Twit...""}, {""chunk_index"": 5, ""note"": ""Chunk 5 contains conversations on: 1) AI surveillance ethics (user expresses comfort with oversight measures); 2) Instagram content planning for a Hawaii vacation (user is enthusiastic, mentions gaining 25 followers, and is happy with ti...""}, {""chunk_index"": 3, ""note"": ""Chunk 3 contains conversations on: 1) Ethiopian coffee ceremony (steps, snacks, calendar); 2) Digital product design curriculum (10hrs/week, 12 weeks); 3) Business Model Canvas (blog post, table); 4) Road trip planning to Yellowstone wit...""}, {""chunk_index"": 4, ""note"": ""Chunk 4 contains a conversation about planning a road trip to Yellowstone in a Honda Civic, focusing on fuel efficiency, gas rewards (Shell), and car detailing. The user expresses satisfaction with their car service experience ('great ex...""}, {""chunk_index"": 2, ""note"": ""Chunk 2 contains conversations about: 1) Researching new home developments (neighborhoods, schools, HOA fees, developers, smart home tech). 2) Anglican Church controversies (women's ordination, LGBTQ+, power structure). 3) Amharic langua...""}, {""chunk_index"": 14, ""note"": ""Chunk 14 contains conversations on: 1) Airline miles/credit cards (Chase Sapphire vs Citi Premier); 2) James Bond box office revenue and Asian market performance; 3) Book recommendations for vivid descriptions/metaphors (The Night Circus...""}, {""chunk_index"": 6, ""note"": ""Chunk 6 contains conversations on: 1) Car maintenance tips (gas mileage, oil, route planning) and car insurance discounts (user happy with $20 premium decrease); 2) Albatrosses eating plastic (user expresses sadness/frustration but agree...""}, {""chunk_index"": 9, ""note"": ""Chunk 9 contains a conversation where a user asks for standout performances on individual tracks of an album. The user becomes frustrated with the assistant's lack of personal opinion, calling it 'robotic' and 'canned', and eventually en...""}, {""chunk_index"": 11, ""note"": ""Chunk 11 contains a conversation about implementing a custom system call (`cp_range`) in Linux kernel 2.6.9. The user provides specific technical corrections regarding file paths (`arch/i386/kernel/entry.S` vs `arch/x86/kernel/syscall_ta...""}, {""chunk_index"": 12, ""note"": ""Chunk 12 contains a conversation where a user asks for new musicals to watch. The user mentions watching 'Hamilton' twice and is enthusiastic ('humming the tunes', 'blown away'). The assistant provides recommendations like 'In the Height...""}, {""chunk_index"": 10, ""note"": ""Chunk 10 contains conversations about personal finance/expense tracking (user is appreciative of tips), sustainable home building materials, solar panel ROI, water conservation/grey water systems, and a creative writing piece about time...""}, {""chunk_index"": 13, ""note"": ""Chunk 13 contains conversations about: 1) Musical adaptations (The Devil Wears Prada) and resources for musical theatre news; 2) American Airlines in-flight entertainment, customer service, baggage policy, and insurance; 3) Education acc...""}], ""open_questions"": [""Was the user in Chunk 1 (Choice A, painkillers) satisfied and was the conversation pleasant?"", ""Was the user in Chunk 7 (Choice C, New Statesman) satisfied and was the conversation pleasant?""], ""parse_failures"": [], ""target_facts"": [{""chunk_index"": null, ""note"": ""Answer choices: A=The user who asked about painkillers.; B=The user who was looking for some new musicals to watch.; C=The user who asked for comparing and contrasting New Statesman's coverage of...; D=The user who asked for standout performances on individual tracks of the album."", ""source"": ""query""}, {""chunk_index"": null, ""note"": ""Target question: Which of the following user was satisfied with the help of the assistant and the conversations was very pleasant?"", ""source"": ""query""}, {""chunk_index"": 0, ""note"": ""Session 1 involves a user asking about Reaganomics and economic policies."", ""source"": ""chunk""}, {""chunk_index"": 0, ""note"": ""Session 2 involves a user asking about free mental health clinics and therapy options."", ""source"": ""chunk""}, {""chunk_index"": 0, ""note"": ""Session 3 involves a user asking about gaming mice (Razer vs Logitech) and the game Cyberpunk 2077."", ""source"": ""chunk""}, {""chunk_index"": 0, ""note"": ""Session 4 involves a user asking for website content outlines for a fitness platform called Fitclass."", ""source"": ""chunk""}, {""chunk_index"": 0, ""note"": ""Session 5 involves a user asking for social media content calendar tips."", ""source"": ""chunk""}, {""chunk_index"": 7, ""note"": ""Session 3 involves a user asking for comparing and contrasting New Statesman's coverage of Brexit, climate change, and social justice to other news sources."", ""source"": ""chunk""}, {""chunk_index"": 7, ""note"": ""Session 3 user asks for recommendations for balanced, conservative, progressive, and diverse news sources, and podcasts on UK politics."", ""source"": ""chunk""}, {""chunk_index"": 7, ""note"": ""Session 1 involves a user asking about sugar-free baking and baking tools."", ""source"": ""chunk""}, {""chunk_index"": 7, ""note"": ""Session 4 involves a user asking about collecting vintage watches, cameras, books, Pokemon cards, coins, and sneakers."", ""source"": ""chunk""}, {""chunk_index"": 7, ""note"": ""Session 5 involves a user asking for DIY and personal finance resources."", ""source"": ""chunk""}, {""chunk_index"": 1, ""note"": ""Session 1 involves a user asking for website content outlines for Fitclass."", ""source"": ""chunk""}, {""chunk_index"": 1, ""note"": ""Session 2 involves a user asking for social media content calendar tips for Twitter."", ""source"": ""chunk""}, {""chunk_index"": 1, ""note"": ""Session 3 involves a user asking about painkillers and chronic pain management."", ""source"": ""chunk""}, {""chunk_index"": 1, ""note"": ""Session 4 involves a user asking about finding information on a new home development neighborhood and HOA."", ""source"": ""chunk""}, {""chunk_index"": 5, ""note"": ""Chunk 5 contains a conversation about AI surveillance where the user finds oversight measures 'comforting'."", ""source"": ""chunk""}, {""chunk_index"": 5, ""note"": ""Chunk 5 contains a conversation about Instagram content where the user is enthusiastic about their Hawaii post success and the assistant's tips."", ""source"": ""chunk""}, {""chunk_index"": 5, ""note"": ""Chunk 5 contains a conversation about car detailing where the user is appreciative of advice."", ""source"": ""chunk""}, {""chunk_index"": 5, ""note"": ""Chunk 5 contains a conversation about albatrosses eating plastic."", ""source"": ""chunk""}, {""chunk_index"": 3, ""note"": ""Conversation about Ethiopian coffee ceremony, calendar, and snacks."", ""source"": ""chunk""}, {""chunk_index"": 3, ""note"": ""Conversation about recreating a digital product design curriculum for 10 hours/week over 3 months."", ""source"": ""chunk""}, {""chunk_index"": 3, ""note"": ""Conversation about the Business Model Canvas, including writing a blog post and displaying it as a table."", ""source"": ""chunk""}, {""chunk_index"": 3, ""note"": ""Conversation about planning a road trip to Yellowstone in a Honda Civic, optimizing GPS, fuel efficiency, gas rewards, and car detailing."", ""source"": ""chunk""}, {""chunk_index"": 4, ""note"": ""Chunk 4 contains a conversation about a road trip to Yellowstone, fuel efficiency, and car detailing."", ""source"": ""chunk""}, {""chunk_index"": 4, ""note"": ""Chunk 4 contains a conversation about the London Underground's government investment and sustainability."", ""source"": ""chunk""}, {""chunk_index"": 4, ""note"": ""Chunk 4 contains a conversation about the NSW HIA Lump Sum contract clauses."", ""source"": ""chunk""}, {""chunk_index"": 4, ""note"": ""Chunk 4 contains a conversation about AI surveillance ethics where the user finds oversight 'comforting'."", ""source"": ""chunk""}, {""chunk_index"": 2, ""note"": ""Conversation about researching new home developments, including neighborhoods, schools, HOA fees, and developers."", ""source"": ""chunk""}, {""chunk_index"": 2, ""note"": ""Conversation about Anglican Church controversies regarding power structure, women's ordination, and LGBTQ+ issues."", ""source"": ""chunk""}, {""chunk_index"": 2, ""note"": ""Conversation about Amharic language script, grammar, and learning resources."", ""source"": ""chunk""}, {""chunk_index"": 2, ""note"": ""Conversation about Ethiopian coffee culture, including the ceremony steps, snacks (injera, kolo), and the Ethiopian calendar."", ""source"": ""chunk""}, {""chunk_index"": 14, ""note"": ""Conversation about airline miles and credit cards (Chase Sapphire vs Citi Premier)."", ""source"": ""chunk""}, {""chunk_index"": 14, ""note"": ""Conversation about James Bond box office revenue, specifically Skyfall's performance in China and other Asian markets."", ""source"": ""chunk""}, {""chunk_index"": 14, ""note"": ""Conversation about book recommendations for vivid descriptions/metaphors (The Night Circus) and writing routines (Morning Pages, consistency, blogging)."", ""source"": ""chunk""}, {""chunk_index"": 14, ""note"": ""Conversation about book recommendations on African American art and culture."", ""source"": ""chunk""}, {""chunk_index"": 14, ""note"": ""Conversation about creating/marketing online courses, engagement, design, and gamification."", ""source"": ""chunk""}, {""chunk_index"": 14, ""note"": ""Conversation about Operation Barbarossa and Pearl Harbor historical summaries."", ""source"": ""chunk""}, {""chunk_index"": 6, ""note"": ""User asks about car insurance and is happy with premium decrease."", ""source"": ""chunk""}, {""chunk_index"": 6, ""note"": ""User discusses albatrosses eating plastic and agrees on collective action."", ""source"": ""chunk""}, {""chunk_index"": 6, ""note"": ""User asks about prioritizing tasks and Eisenhower Matrix."", ""source"": ""chunk""}, {""chunk_index"": 6, ""note"": ""User asks about sugar-free baking and baking tools."", ""source"": ""chunk""}, {""chunk_index"": 9, ""note"": ""User in Chunk 9 asked for standout performances on individual tracks of an album."", ""source"": ""chunk""}, {""chunk_index"": 9, ""note"": ""User in Chunk 9 expressed dissatisfaction, calling the assistant 'robotic' and 'canned', and ended the conversation abruptly."", ""source"": ""chunk""}, {""chunk_index"": 9, ""note"": ""User in Chunk 9 is associated with Choice D."", ""source"": ""chunk""}, {""chunk_index"": 11, ""note"": ""Chunk 11 contains a technical conversation about Linux kernel 2.6.9 system call implementation."", ""source"": ""chunk""}, {""chunk_index"": 11, ""note"": ""The user in Chunk 11 corrects the assistant's previous technical advice regarding syscall table locations and header files."", ""source"": ""chunk""}, {""chunk_index"": 11, ""note"": ""The assistant in Chunk 11 accepts the correction and provides a revised code solution."", ""source"": ""chunk""}, {""chunk_index"": 11, ""note"": ""None of the topics in Chunk 11 (Linux kernel, system calls) match the specific topics in choices A (painkillers), B (musicals), C (New Statesman/Brexit), or D (album tracks)."", ""source"": ""chunk""}, {""chunk_index"": 12, ""note"": ""Chunk 12 contains a conversation about musicals (Choice B)."", ""source"": ""chunk""}, {""chunk_index"": 12, ""note"": ""The user in Chunk 12 is enthusiastic about musicals, having watched Hamilton twice."", ""source"": ""chunk""}, {""chunk_index"": 12, ""note"": ""The user expresses satisfaction with the assistant's recommendations ('That sounds amazing!', 'Thanks for the recommendations!')."", ""source"": ""chunk""}, {""chunk_index"": 12, ""note"": ""The conversation tone is positive and pleasant."", ""source"": ""chunk""}, {""chunk_index"": 10, ""note"": ""Conversation about expense tracking: User is appreciative ('That's really helpful! ... Thanks for the tips!')."", ""source"": ""chunk""}, {""chunk_index"": 10, ""note"": ""Conversation about sustainable home building, solar panels, and grey water systems."", ""source"": ""chunk""}, {""chunk_index"": 10, ""note"": ""Creative writing conversation about time travel and empathy."", ""source"": ""chunk""}, {""chunk_index"": 13, ""note"": ""Conversation about musical adaptations (The Devil Wears Prada) and theatre news resources."", ""source"": ""chunk""}, {""chunk_index"": 13, ""note"": ""Conversation about American Airlines in-flight entertainment, customer service, and baggage policies."", ""source"": ""chunk""}, {""chunk_index"": 13, ""note"": ""Conversation about education access and literacy rates in Lesotho."", ""source"": ""chunk""}, {""chunk_index"": 13, ""note"": ""Conversation about European airlines and frequent flyer miles (Emirates/Turkish Airlines)."", ""source"": ""chunk""}, {""chunk_index"": 13, ""note"": ""Conversation about James Bond box office performance (Skyfall)."", ""source"": ""chunk""}], ""visited_chunks"": [0, 7, 1, 5, 3, 4, 2, 14, 6, 9, 11, 12, 8, 10, 13]}"
